N,P,K,temperature,humidity,ph,rainfall,label
82.47240713084175,58.767857660247905,42.31993941811405,24.190609389379254,81.56018640442437,6.280790136605165,186.97003346018394,rice
111.97056874649611,50.02787529358022,42.08072577796045,20.144091460070616,89.69909852161994,7.498396753440759,205.48069328139314,rice
70.90949803242603,39.585112746335845,38.042422429595376,23.673295021425666,84.31945018642116,6.524212452356475,253.42234736668553,rice
68.3696316391225,42.30361621338045,38.663618432936914,23.19248988951925,87.85175961393014,6.359412807885048,241.7081326096334,rice
95.54487413172255,36.16126031799995,41.07544851901439,21.19366886581104,80.6505159298528,7.707993967056,295.87584396894715,rice
108.50384088698766,42.61534422933427,35.97672114006384,24.789631185585097,84.40152493739602,6.219668822720602,239.42122921335243,rice
62.063311266913104,57.73301005196955,37.58779981600017,24.637655990477874,83.1171107608941,6.9361224381200595,245.60523352119355,rice
71.09126733153163,59.239615694113965,42.75132823361115,26.576492590949325,88.94827350427649,7.0762199618599535,290.624908202774,rice
65.30955012311517,39.89957156047863,35.45227288910538,22.27731231534285,83.88677289689483,6.4884282571930125,279.44850109823153,rice
81.40519960161535,42.02336274218452,40.426960831582484,20.98646957482334,88.0219698075404,6.1341911586235875,298.4264323920621,rice
106.33468615779944,39.96789203835431,35.05522117123603,25.70822999918384,87.06857343847616,7.312212902473777,272.5524416023135,rice
64.44267910404542,43.96164321360681,36.1586905952513,26.041723981129156,86.23298126827558,6.595616444734769,187.62700203432283,rice
78.65893930293973,43.12958305066868,42.29606178338064,24.462902299486494,88.87212742576327,6.849986865291509,194.3513095125962,rice
102.7946872333797,54.019626215422434,40.61277197569496,25.396770259681926,84.9379559636439,6.940919092887589,231.30492220302597,rice
61.52514760464571,37.697285674832614,35.31429185686734,24.454872878846462,83.14355981076326,6.915427244096465,288.90797687113115,rice
74.95753374893249,45.25957307589074,42.555511385430485,21.601587158441358,80.76979909828793,6.521552615244782,199.34655447048053,rice
115.78185914055439,55.20300948911043,41.33403756510423,26.10022413131402,88.03672076899115,6.335826105994864,287.10707981879733,rice
92.36053451493905,55.18600387910156,43.960912999234935,22.22602432480305,81.10051924527677,6.410283292575495,231.25293463515075,rice
109.08088595534959,56.51826458140859,35.06952130531191,23.57523111804296,84.17411003148779,6.399794058847315,194.38384408004194,rice
80.25691028421768,58.572742597812976,38.23202932020755,23.631534352203563,87.03018958895177,6.654533284282729,296.6138499265153,rice
117.74683769652668,41.2945573956341,39.97248505892385,22.10614816871739,82.84840494377468,6.066396505238159,253.14772007758762,rice
90.16074139373168,36.28696878124973,37.78646464236611,26.357861201766575,82.39561890666972,6.260810769764202,238.73433123330756,rice
119.13902724663603,41.05138178778751,41.72135547405878,25.331337307301023,82.37637543992399,7.310789427501347,224.13397592631037,rice
97.93834983561476,50.838242769022365,40.35774684074759,20.632028390380857,88.35302495589238,6.577404116949125,202.3822212479825,rice
62.44650849328583,49.77232357970605,41.775643618422826,20.116114802494995,85.12093058299281,6.407692395356288,257.42073484913396,rice
70.46198574029948,52.27344345256165,38.86735346300537,26.557109921157142,81.37520944145993,6.613919431890466,193.6168225488707,rice
115.48161709671376,56.93348383452452,37.57941627715156,24.619888322239255,88.17222200201216,6.999361460879032,243.55806940272078,rice
74.51113745402711,37.32756919514748,43.97215757953327,26.302926400143313,86.33101457273268,6.610253623887661,221.9051489535193,rice
103.55734073221436,57.42775649881443,43.87086424265117,25.459128821003368,86.42031646154288,6.151451936991088,199.39544569135364,rice
113.91325131162475,50.16072649148975,35.0919705161663,20.710300800062225,86.63501769108056,6.009110850923194,199.29696617009984,rice
92.92402736199517,52.297379942317335,41.519612595026004,21.56988516622392,87.12179221347536,6.42704835749424,219.04796377911214,rice
104.78948430708145,51.24082247618037,43.49223410494178,24.603290246102404,85.68308603335471,6.168614582090567,224.12589636713201,rice
75.91214206090353,41.09974108447709,44.73010554752446,22.751684072667324,88.92046555177113,7.136049526795073,275.3773564249978,rice
90.15822558631153,49.422597115658974,39.92517693818864,21.36670091458631,87.22452115261505,6.50539025239354,182.91791597177445,rice
98.72833775443007,39.42776698517622,44.40458584352914,26.677500039018113,89.14864390220448,6.6662856604598,181.8547939834641,rice
115.69911375526353,45.70460370793286,44.6665481904367,26.74533983962477,88.5300945546736,6.5300080057252545,226.21172743223104,rice
111.06820029101141,42.923050128906944,36.694927466860925,23.897608837208452,89.36154774160781,7.252853634014951,248.4073404107238,rice
65.83058962624611,50.37518066747924,44.90053850104263,20.980588106655667,85.18329652363737,7.5792715294703195,268.89223413050456,rice
101.82094445971609,52.56210209967773,38.594911512197555,22.055142909851455,88.09361155478514,7.458204110422525,284.04867822961245,rice
114.79443315338827,47.783559971523445,40.015162946871996,25.588066252767426,86.49963930777766,7.2635403790638655,275.49512033233214,rice
113.40032050905398,43.449878921288395,38.75582952639944,20.657873578886083,85.78280140996173,6.064696092834136,235.8717621758952,rice
92.5586780824546,42.16353130320711,40.908332605690106,20.213501749573346,80.37348188749215,7.480681009187385,223.22287696935155,rice
67.62363075911308,48.05608150137011,42.69993553098611,21.5107471924779,86.22890475819,6.153625436988782,186.20180654023292,rice
91.88127789408888,48.51587804025266,41.374299014982064,25.08263933605863,89.75852079462534,6.929340626942151,218.7547767529495,rice
107.71117168612221,41.770806281551856,39.38971420705636,20.549194669395863,80.25350743415457,7.732767146420265,280.3176144614647,rice
101.75845236562188,45.223823610356746,36.732943200708455,21.095059298697603,82.50242898164595,6.988607996471017,265.75151072400746,rice
99.61184260306388,41.99834742364857,44.54865280663194,25.16527841687038,85.54354052511401,7.101097343221834,230.3520074913348,rice
74.86385937006945,43.89931696628154,42.578461104643694,20.10075442040829,81.16072640506916,6.082804755639155,184.8874562782764,rice
111.32763504066043,52.591446484500594,39.74173829087325,20.684839124557012,84.91615875116833,6.852249187405018,200.78422438920182,rice
86.03109895427838,44.96261835993434,41.15850098052216,24.445655556073508,80.45304009772045,6.674302706327648,255.10318988570836,rice
90.18817551480527,56.41224602970806,41.58693631618945,21.140540989570006,80.70568747400429,7.156354700771368,183.18135726499463,rice
95.1465348764078,58.50575603562394,40.75474177875879,22.717189483445654,86.43288218442353,6.82485520288473,245.4740147179122,rice
116.48788852659152,44.652565945019354,44.61190563823914,26.337454493692448,81.95791134789296,6.124850341575298,192.0933601652912,rice
61.093309539092985,37.36107401889821,41.83006773416357,20.498320539221602,83.18975630293761,7.520775559745018,182.7926322882991,rice
108.86810895533614,42.046369369335,36.18164827621656,24.877160157549056,86.28942846779884,7.579449624348695,268.20852525646626,rice
108.20885582309091,42.05086431428266,36.77439543779723,25.254303261486008,88.06834739267264,7.782909255601211,229.51412122937117,rice
82.32108514756699,54.41032401854992,38.40803540253018,26.515301279224953,88.58412751843012,6.772189249275033,270.10452813497966,rice
105.27257244508094,37.578096720898316,44.02552906679567,23.536766607135,88.26457466107742,6.576089281855101,287.46278741954404,rice
83.35210072404979,35.27094128700746,44.05381976419264,20.639006737502935,83.19313637590415,7.710111540691448,294.0728576325067,rice
94.40627328739717,50.79593030424498,39.4844552197832,22.05247540188645,83.28664545369917,7.210533220938669,270.2849435325216,rice
107.4947426235509,54.740453569863845,35.9120610304869,23.46094213291807,80.57558760016644,6.989151988182724,232.98366016480526,rice
113.26225096549798,43.77287531380197,36.17067016427606,21.00094177436985,87.61510631717472,7.11279251396927,192.13472113473483,rice
65.04640836689984,52.524228286478,35.72763006364193,25.753020415032495,87.06242227156497,6.14642780515542,190.18052569022302,rice
119.19837471007052,44.35676989390301,38.70642147066891,25.68959697080252,89.47248577383859,7.774801914881167,270.40538223107296,rice
82.57557513185495,37.08751791746672,42.77146915927437,23.908829748150637,84.24222009246976,7.631437893170524,193.34369787673816,rice
89.55750625745155,35.283841119185475,39.68660641994126,20.394122929772863,81.18817916268073,6.211547244198789,257.9052362539276,rice
104.7626927559254,49.584219127428995,44.62172548474542,22.62409405666593,82.8571208628186,7.5634784307410285,206.83150062233432,rice
117.79335236643668,35.30386186724541,44.69878826707639,20.302119383654034,88.91143113698071,6.94986199635534,299.15577553431604,rice
64.42779388412393,48.84635711003302,44.69302535619099,23.66168490919104,86.29398638135262,7.252347640172311,234.54492777213278,rice
97.6534848050438,49.607857798077504,44.01158010490989,20.318124662390204,82.80963189592231,7.710740671337805,286.83165406690995,rice
87.33940516714277,50.50331494503842,37.77381182981133,21.31684811806633,84.63698404939981,6.636034010446895,250.03873342210466,rice
64.66407821789909,59.35987019165417,44.86210744479603,24.887131998138216,85.3609636634412,6.557149709315389,277.65540236483383,rice
101.08387035323275,39.06542348362228,44.10927184493843,25.757760700462182,89.49799913291923,7.306295115099048,253.60982351229478,rice
85.09458217743713,58.31821208385033,43.660638895004084,20.316530690743328,80.26366974497252,6.677634060380489,277.26639969381995,rice
119.23656775889667,38.760422277588205,40.94130715352135,22.66623599641715,89.69914397814603,7.515814061644275,280.5994445653365,rice
88.12158958769822,45.37048755844163,37.73407071930706,20.39462847655649,88.64722376255054,7.46322181643414,299.96612079433567,rice
119.79821022443431,48.88579264006569,42.68987415180511,26.613360109176995,88.49647390677411,6.445226583137756,234.06529623721121,rice
67.7495649090897,58.85127568146806,41.0617463445088,21.60049963852424,86.71700684405857,7.1126308328242125,222.97952616394087,rice
66.81345553197774,51.78932988981999,40.20307700903793,25.406228742149473,85.20163501111993,7.533926700573372,246.22882065293828,rice
93.65627829212318,56.91634006645863,39.03482866212397,20.938106599154484,80.2878267631334,7.359247060212514,254.43714616241576,rice
102.24478608595342,40.32410403772277,36.3637147558677,20.101812659675172,83.50587558806598,7.06185183633834,227.06928541196788,rice
86.24849532142375,57.60396736234371,38.482554670233,23.597926424118675,87.83653012741144,6.713777008178286,254.65040402734482,rice
111.74182252480472,58.738015591441055,36.47073480929038,26.48611337613046,84.92116293079538,6.464839898938125,235.09629074859134,rice
118.80195451712862,47.31545234982174,38.28751610287508,24.43380598021708,82.40145618778193,6.136553990595595,195.4655666292779,rice
67.68275033746635,38.79756733780736,36.388271726494104,24.486123213622502,81.81880084399145,6.622201109982954,287.61460918872143,rice
88.43769841577235,51.68894346302568,36.7231987120163,21.346023131660694,80.4086861626648,6.304083113529896,213.43084068383504,rice
70.62062905660481,37.21756334392639,36.20635871100601,23.22545137622908,82.06333718405793,6.655685749886536,240.41007250258284,rice
101.42368971776192,35.98280349602747,42.994103989090426,24.395302726436356,80.81759031948872,7.5724415233921984,290.5046880638176,rice
63.66467759129183,41.92194120368009,43.06201279793061,25.237817832685607,81.84521019356377,6.376828782006078,224.45665233496584,rice
89.07137911146128,50.4563692882574,38.68913639569772,23.237743012932036,87.47470938133756,6.066029765203076,210.2924333212825,rice
102.80097515307315,57.38017094217999,40.11677442115666,23.72479439685721,81.07172011339776,6.8053422602822184,243.9140719746028,rice
74.54823021808377,41.731080773734526,38.77284163104623,20.140498384444086,83.22079165583179,6.380606412593781,219.29968226134974,rice
67.18572790915508,57.263182018497375,40.93592453554049,24.753716234011428,87.89171238607338,6.897195958072303,190.43043457049083,rice
92.22639250911287,49.671027950521975,42.4543947418433,23.021616823607754,81.27580302795563,6.510796630437704,223.56987556783622,rice
98.75503447989607,49.269457616722796,38.560967258978465,26.90560674155086,86.05774819356887,6.42700822512479,192.21389671444845,rice
69.17154835105993,41.1489432096127,36.606813732595555,21.30596916835914,82.85095168693847,6.312072471530558,287.611850955171,rice
64.81402473969854,48.11278473925637,39.10396826989661,26.876650318360245,81.12038902168052,6.716140078282335,296.33645199304425,rice
111.93042755363882,55.426801773731995,37.5790282704494,21.19621311173046,86.68643219924431,7.672876780429654,246.81154716167157,rice
94.29676136819398,41.9994773415071,42.69492933191937,21.309306239902664,83.23679236404243,6.76578558950955,240.9132454421346,rice
74.54458394490482,37.870920618480085,41.10620042441633,22.02041387268179,85.81238221422612,6.277852887493564,237.7368122225781,rice
81.30357730206343,36.29558842056067,18.366042781939207,19.209732092450768,56.267499409455354,6.984940348584917,76.11769224873615,maize
92.3949778341854,41.3660163690941,21.815027222239294,24.842050739007178,66.91277481215688,6.207364282825237,80.59204570736343,maize
73.95473066171981,58.23822860619565,23.306194077877294,26.68524219599861,57.485944469710894,6.596301212805466,106.91702284105189,maize
67.24932264662641,36.66240668416944,22.41120649290059,23.170258018619208,71.83657553516544,5.709658564939434,99.76336559299452,maize
68.06509280190978,39.091398571642614,16.64265797930993,25.33117248208244,68.303944413924,6.284598137153679,77.94152420617513,maize
95.08802163252433,44.811127685565886,23.16599439471577,21.952214177131964,62.53888858849815,6.19401967850441,75.0688937082071,maize
89.90437520705004,47.56800975231198,17.322126951468174,26.096171159471115,62.67782442746423,6.315329291670983,105.32360554822735,maize
84.96951983655968,37.9224510177091,24.398321236134752,23.64937247764276,61.69811229314172,5.708908108995081,99.7012594635148,maize
84.80291023714054,48.33652729940804,23.938925830509575,25.09737490102078,58.033497594655024,5.9675831016933225,72.42445699072329,maize
89.75785170290708,35.83831086839449,20.698896848713165,24.862128171666214,72.53531273523498,6.013122623073861,101.06286523360063,maize
64.42526947820829,56.16130729336295,16.274886623319823,21.575585615043305,70.94590731559107,5.72487614102316,71.46256976163207,maize
88.89010273572265,53.00091341365186,21.411476328852974,24.2455360002039,65.85448886695193,5.877698588360429,77.28479967519597,maize
67.26390867205703,57.71126403334071,20.833917947661206,21.60766275087276,64.24011607288266,6.920925009417723,67.66757015580401,maize
83.44919328067189,47.64721697211165,21.11454235434648,18.162991654387564,72.44247817888302,6.898177423725419,88.25665917946044,maize
87.8660329550757,58.062484529432396,22.072386343133985,19.37285138622835,66.52576720333626,6.410072569574284,81.2065335651193,maize
89.45776942498891,58.35917536922537,24.255685129067764,22.05755434263719,57.264760916815106,6.977261798443502,101.94490432229671,maize
64.98650724813068,58.02104706543431,23.698963620621285,22.669542514134648,66.82550871489859,6.098504055805195,62.73808194110157,maize
73.40788966583604,55.071336214950286,15.046320230046028,21.001492545220298,62.96337387181887,6.306093404406885,105.99278082063802,maize
73.85383977463844,43.673830047405694,22.375012481097485,22.069961468008266,59.49209645879964,6.17865927419904,67.04285101898999,maize
67.05547946024893,47.45919431848699,19.18925449504548,26.2336131096129,62.24787798233266,6.370882525417065,91.61321439597651,maize
60.523778263533345,51.58843430041777,16.780359668697514,26.649632857225097,57.97325455506226,6.121936185590536,64.26748340393219,maize
99.87497007383789,47.554875258281065,20.953850173200436,18.603688296495847,69.99920940798356,5.814858389643379,104.90271447203568,maize
68.20558561928028,39.76719301659166,15.365496678480948,22.248602505989993,66.29682266525234,5.598562959142528,98.77638083475053,maize
78.13155338992111,48.1097567331895,19.40762746938228,21.606867547877933,66.19280662616436,5.732860368896069,69.09640652476355,maize
94.47142484054069,58.65288655334082,18.73309316279753,20.436702058291985,67.87999086478031,6.113101256647145,61.26931778301724,maize
66.24610389464762,52.89930572118494,21.589239419101514,18.24386393253135,59.43944323865899,5.846612194882107,93.59463717993643,maize
60.788421510174565,37.60271454961435,22.999160853731894,19.606901958489004,68.0549221570375,5.85727417157009,64.97206963796725,maize
69.72688763997816,53.05667329639148,23.55696468106286,25.471978781102926,62.943670592369095,6.502127704855969,70.24921477079104,maize
71.72590921044053,57.40839546302799,15.13001923510736,18.76957677769021,59.157725102920544,5.53979830581073,69.07177175448987,maize
83.32166243878768,45.53561376481245,23.92671711076975,25.356992055645968,61.83634703395752,5.889135150146939,78.98462040836334,maize
83.6117977005923,41.701591020571904,21.24148907849134,21.684704869721163,66.0409436170396,6.154189793702975,74.72328797709588,maize
97.93813227848626,54.09014485399402,16.401131757664526,25.816211783081215,64.74862396499027,6.841828340341137,99.99276279736577,maize
77.00854017876934,35.561732708002936,17.68677359384946,22.874707931947803,67.66956439652294,5.886831528149804,66.96780370364121,maize
93.39720947197196,59.61005451758881,20.25690182302686,19.545113572634733,60.44614653038738,5.5275860148212,105.71494032802495,maize
64.71004331560565,49.41291188785634,17.74055220687206,22.98760202264214,68.02840776703728,6.744612705560803,70.32106358803016,maize
60.43983314633922,38.42214075172018,24.00018641848105,25.865010698062637,66.94826204340616,6.40077529065048,93.25183372731277,maize
67.01485114493798,57.860298648123994,19.187705248920732,21.448246754245478,65.37835410565675,5.570448950162582,68.31416843780397,maize
89.52134465705481,37.06996669812816,21.03152109466388,20.20814198713189,62.78591228083953,5.93304060515605,77.78363582324747,maize
88.76183620736981,42.42804289057938,20.66404640296897,22.284453619791897,68.27342330725295,6.905244608987137,96.62860486051252,maize
68.59761514363026,35.779578376532115,17.62264044299825,23.355701376302292,56.02851626968501,6.244549370801854,89.84214244584446,maize
73.36975563267843,54.272805093645545,16.065982531337717,18.67624003562228,69.56377512407207,6.243236974309298,94.4201198213868,maize
77.39309354414985,41.16005083097767,23.191023176741997,25.194742910720812,68.89392941708854,5.908217705844944,89.51153334345435,maize
74.43895587760107,37.28955183316585,24.17313575462243,19.23136767827065,74.00474707641605,6.169008659436933,69.25664644193098,maize
81.67603789513433,56.82364589691021,22.322248864095613,25.25905033075305,68.17566733421435,6.538414846776779,102.45978257826596,maize
69.98672035436743,47.23562409107851,17.212094418196024,26.889012071969823,73.88118679373227,5.559140217052759,95.27875862578442,maize
97.00993269662663,39.51438362818334,20.679452305526294,26.239394678292378,55.67891957171598,6.546130400870259,74.86745036862754,maize
96.97584781506121,59.27645612913419,24.44266489113434,22.267927949917173,72.24085301978627,6.766824097802606,75.95502366216279,maize
93.1566189660271,35.925190867887316,20.96269878482053,20.07007953558933,57.41133771554558,5.615429802443813,94.81443879390699,maize
73.59499855072265,53.11916928821904,15.653563407989424,20.837613040475492,65.78982584750675,6.6860847472584455,75.9376251466035,maize
85.03565505748037,57.14944370590467,21.158631881823045,20.096635272782706,55.48801563113076,6.805148310851395,61.063470542519354,maize
94.98806690736798,48.2234283506803,24.390676985128962,25.189049121962988,74.95868221066675,6.026067723177565,98.35941444655634,maize
76.07723654436968,46.99689050759772,21.2750546321837,25.86309402767705,74.6816693839859,6.652410120796777,80.8883391083667,maize
76.85428009108281,53.43955753972229,17.387771457683023,18.99426701818255,62.092443152815534,5.930858487481123,74.81540602279951,maize
69.3443100419964,36.052329740909045,15.178739347334139,26.88950150762428,63.55546267471725,6.076489970739523,93.9823641346535,maize
68.73015551460257,58.749029598755634,22.86345014415552,18.804699020810336,63.35161551569857,6.818677461343247,107.2366011145705,maize
78.69606044999479,50.335284730267695,16.67033946092075,26.92051763523279,59.63343402766887,6.914097661202689,92.48233244961843,maize
84.30947179515437,47.81721277541271,17.306698117177586,19.588752288049573,59.409724181403504,5.7796573932163815,98.97922367833766,maize
74.00501036666921,36.44606691408491,24.691026301408115,25.954072964670832,73.55504566390425,6.992361733969653,68.69476246097436,maize
75.84968075610635,53.95596189260228,21.960206180537924,19.385063157058696,71.31666249981235,5.836660857754991,71.19088074113115,maize
81.47897691573654,49.823498371042575,20.80086207837811,18.823381536579795,72.5492172526076,5.898400063883059,66.47574606414021,maize
95.54992319475909,58.891287455743836,23.621276172654504,25.2856446725239,68.10483961278044,6.326286055913709,64.34933799557051,maize
76.33812852282794,44.31721292530785,17.597537837603262,24.510781023197264,64.91751470157541,5.621569323861472,71.00916009749056,maize
87.33035054638384,36.903271487257506,23.51206914048769,22.45631874312577,64.61173154653297,6.388611676989276,101.23404829625746,maize
73.91236831608772,51.95040381397659,20.65731963995791,20.403254431524793,72.57259972710315,6.696139032410392,92.92259173292128,maize
94.02326916376967,56.68235502399506,22.08362976715035,25.533119955273047,68.94942923338567,6.520211157640451,90.93056891075922,maize
90.10866558230565,38.96512763232684,23.808707591989283,25.846591749707088,55.58494566069118,6.738725125847144,66.44349337367225,maize
73.40475417036568,53.5877064072902,16.60759896048308,25.361703217071558,71.64268355915485,6.261201600641254,60.31929358584168,maize
71.48152532699652,50.423172959393554,24.811861780274235,23.686321743150017,60.196071621283195,6.451008554649417,86.99926898579278,maize
91.19381580604575,37.67451597067396,22.61027902502028,22.87139920808499,74.25984007717989,6.012808249058029,91.6310946566974,maize
97.2811242204007,37.562743199766985,24.37228487236451,24.19097150070732,56.35674118210344,5.951445350420224,95.40860443226407,maize
62.69402405875087,49.55426150440683,18.458830569529567,23.588239659907295,55.91484067625026,6.807305209228565,108.67444845886985,maize
98.75511421142767,53.741295793573116,16.30086240130632,24.824368763361203,55.49173832917603,5.533185327293496,76.18051095747705,maize
79.54572761618664,54.26018544519483,21.832953766065053,22.013124357390737,60.47253332563332,6.995686750236567,81.30906511179865,maize
78.05548097318702,39.09059552979173,22.948095487499295,24.2431400320334,59.41539225577521,5.623571568423764,94.02496510373565,maize
86.1804485712454,41.83148817495523,24.5086356225041,19.3595210260281,63.64669602085204,6.9154238802513985,80.98636584630611,maize
85.54103790656342,44.939859949069856,17.7421520234867,26.855798831638452,63.18668012630086,6.841148805518701,71.49773029455432,maize
68.52418816100334,35.77835207211278,21.51666825375885,21.31673709351385,72.28716499679274,6.209814860037335,108.40967139573608,maize
67.42102062812485,56.71557919889027,22.765968527917416,24.938296601796466,71.89566456233776,6.641535986414498,91.31101608157077,maize
65.2497951072955,35.813154487281295,24.20847847815687,23.549852830686643,70.93074581952352,6.222283527268825,65.86540944811972,maize
65.00743168810202,52.13913218072429,19.303058948994625,19.80472254030303,64.83189093482873,5.596313405612701,89.09857009571994,maize
70.75973617740391,54.93897751592971,18.103619589235738,22.09698134173621,55.232410798162014,5.6086703316918385,79.62467782033424,maize
79.19755338868494,50.000513702982595,17.916625787093032,24.254836975138883,72.2024479437841,6.669776483340025,61.980941267417855,maize
79.22027789031316,37.62325446045437,17.420450158625275,26.87996333940432,57.84991085803026,6.248332230177034,90.90778671590596,maize
88.09859882176416,48.991217087172856,15.097708474191837,20.938151774195926,65.35423286769424,5.63179974871725,77.53134656045904,maize
61.328124351654665,36.96446242887552,18.96923276201596,19.194441786387543,66.35081696523116,6.534197453705898,100.02933495545415,maize
68.0060097697924,39.18706455647674,16.045678403344002,23.72787224589273,69.12951452973802,5.547379217238463,106.81061231218449,maize
62.0788513460589,48.53240838252676,22.090605194509166,25.83872211371477,69.28173864264855,6.702592124604688,76.97250962714031,maize
92.5930045498605,37.00287115961688,23.948166560605276,22.928331385383625,71.34595539924987,6.17847742677745,92.17888475982625,maize
81.05610643744453,53.2897380438833,15.816299820305895,18.543168755915076,59.94206468020293,5.739317020169782,103.58917832961009,maize
68.76855949432178,59.39663139547828,18.368957917711068,19.639061241198295,70.79397014284959,6.488061663251314,84.90978582265694,maize
82.21454203750525,52.980044456806596,17.284547413312985,26.967005244510677,74.49586324293566,6.475488529520406,69.97712254645725,maize
87.20912969725165,36.804960224479395,15.30652502205806,20.319145996600923,64.25245913478632,6.802408758112571,96.3584534883154,maize
89.70826084799924,45.63733336120188,18.45934992546963,21.339348866861425,74.75299127472115,5.560163787118723,103.35157480612243,maize
83.14701634289574,45.965385479739766,22.252576604151365,22.380020472822324,72.46846476163321,6.851052796016887,81.08604634367276,maize
71.07311188940207,49.80875821483406,24.12363345616691,19.895959701050998,67.45933167126965,6.447340330138781,96.65565112076405,maize
65.2627074050904,52.895624117052215,24.09032520665641,19.61714797983218,59.75086649847755,6.957092641062459,69.04884763547449,maize
94.17540373478317,47.30694641120087,17.47231074403177,25.836749111452605,63.90610510005331,6.272226030894535,77.96166846998828,maize
83.71803405739709,39.08809681462557,18.910815366517607,26.724710901017588,60.16266865402255,6.4851049968119385,76.25950321123474,maize
90.93892502746402,38.27184151795875,24.698210450785446,22.084105872452753,59.72100926692928,5.610245120995019,68.48789525437704,maize
80.79095794224071,43.42507941078216,23.288833658826093,21.877987712956255,59.9742854517526,6.425717479906045,95.33886084427229,maize
25.011257237028495,59.19048040720794,75.36671426933543,19.94560806026256,17.982827165730832,7.328966452099479,90.32511346907592,chickpea
44.170104588501594,69.6338591099188,83.68271280513258,17.82336484014707,14.671517716386367,6.7552989122475715,66.71260568267945,chickpea
35.935085840030965,78.41514230737404,75.3934354066851,17.488439656040107,16.71319416970061,8.614850049078134,74.48468314930251,chickpea
35.217044260651775,56.0393214762598,76.48343200962088,20.946520491835386,19.790712178616275,6.013831946616347,93.55435356269717,chickpea
39.17359813446501,76.69795736300055,79.54739855633859,19.062384114317002,16.933079481541522,7.8672199211290925,69.18953764268939,chickpea
20.899207696180337,62.69824853977977,82.04680762736646,17.807413808491795,18.040594599949504,8.715753729100358,67.81702147368256,chickpea
40.17806354675379,66.09375548261428,83.68142254377506,17.708599157789543,18.15575571335699,8.34672281101471,93.3384265842207,chickpea
40.49744084868938,67.42936910021068,81.17847240201213,20.47561993791487,17.42365847983298,6.0850837671511435,92.92846086520933,chickpea
40.68580253094683,71.91283464443117,77.15675152397718,19.635541880930628,16.36318643392495,7.823452335716178,68.19779090923973,chickpea
39.735359138091084,79.98534314426666,75.48212038860557,20.90869673688527,16.441447764337223,8.438109660944326,88.4715645217482,chickpea
37.01048782960004,73.46123023128317,83.78515561301347,18.61656128660413,15.962198969379433,7.869261479578038,89.23537825823776,chickpea
42.868554043298474,74.94534122146587,79.35583314812934,20.271336864700086,14.721254332223651,7.524569474290379,65.17275981494365,chickpea
29.73757489700811,64.16153837178494,78.96172691609256,19.78186882675945,16.331348607622076,7.256342143343086,72.12632392622983,chickpea
31.197553748880203,60.68174068157879,75.73195923768444,19.413794373525512,18.009276791330098,7.734572968826921,78.90482131401717,chickpea
31.393573405376895,76.58334123929563,80.19081785136218,18.916727510518925,14.153852394838614,6.955493917353238,76.40586856357571,chickpea
31.964683426907015,69.5043092306833,80.33602546726878,19.43162037117378,18.58929956925277,8.276360068405062,86.54369228679484,chickpea
48.66571087864804,55.45581456690904,76.95777985683546,17.03025149991257,17.884848284927617,8.514485537059965,72.30446889728898,chickpea
47.8110363438892,56.50668475723902,84.34436026805514,18.40649074895854,14.6085249706953,7.360440925721712,72.70329703161524,chickpea
28.546187058857683,62.68224912315716,83.03025897832663,19.156645106701017,15.867846194936021,7.7089345932705715,86.4845202266958,chickpea
28.17872002200601,65.33872753813378,76.21886093336947,17.72459739813872,18.086707123789896,6.508027373547756,80.7549015100118,chickpea
41.27138785167298,57.6719230773686,80.67312219628903,18.026251134805456,19.777561251425478,7.353927810815789,89.17977649325474,chickpea
36.50679626468785,56.08531332137048,81.33151375594022,20.805613368826627,17.60967092087799,8.293728806395013,91.52619390045223,chickpea
26.842393158467974,60.30112099770567,81.10980988850991,18.64411387922682,19.039167817200322,8.520064745514432,75.60264137908155,chickpea
27.10611676923446,74.51313788109655,77.74806035548136,20.290457274054713,16.542429521892576,7.869139718016118,67.86605941504004,chickpea
38.715779740297194,66.29419196843072,80.86608463175475,17.672056830979454,18.421242469665092,8.41583181712104,71.50219400272327,chickpea
22.87143666560485,55.59096465115841,81.41971500443266,19.428376144355124,17.28018447628442,6.649451869124731,76.72717987716544,chickpea
37.83429005558519,67.41917147147923,84.87785520214888,17.54575901022693,18.170867324285563,7.132092550692018,77.84598844776845,chickpea
41.52793296974529,72.31090378310924,84.91255993702188,17.5135771578165,14.624657896304997,8.028148687960476,82.35160751019228,chickpea
28.224819996794174,56.985484224724665,75.8565824959643,20.576763498656472,15.151203948312457,6.905440373923458,71.79969206680964,chickpea
30.64988917495812,56.735596068652335,80.1905979090827,17.27045025436886,18.80213904693417,6.654393829349212,81.20035743813531,chickpea
46.40237262684374,71.27193422617985,80.32957786551336,18.297335012461502,15.998011478349188,7.874563474554932,94.82418083663502,chickpea
39.85517569548136,68.94458543425063,82.30650510239246,18.860822449134872,14.360854055604712,7.574431084458148,93.7287585351614,chickpea
25.25908827072979,72.25012227051664,77.00933688659056,19.143310737892325,14.580058697880318,7.261038621522919,87.68489986685738,chickpea
30.42714572716946,71.62279311218045,82.95449960789729,20.70871127791781,15.407852491132722,7.118084564266063,69.57248039991252,chickpea
49.77450506475125,78.17502419810738,80.3995713028056,20.368133177505683,17.125747863632252,7.746039926407727,67.6737329634805,chickpea
42.65811261490424,58.19283709088087,83.26067630252528,20.128112350681544,18.252468186457858,6.101249065469334,74.09385067835986,chickpea
27.893377097325285,64.00341018678797,75.87642746763838,20.74783129212425,17.322813444274257,6.855468069842466,76.9094455122285,chickpea
33.41607621514507,70.01485833401543,80.15679427696497,20.67756789285767,16.98178089743498,8.778042441505276,90.54274873235288,chickpea
26.255315430720074,78.26488036609791,76.16366397885476,20.269798833964767,16.28373976085948,8.458328097246195,91.04170070322351,chickpea
44.177762003528635,74.75076090767654,78.0467913909804,17.32367713220501,16.41788107259097,6.485868641962225,85.84853266707385,chickpea
30.382991796133567,79.39025502149786,81.40972077345332,20.289922254537444,14.79514803645109,8.413640550363343,92.68271571540183,chickpea
34.611857564568076,70.15632344377444,82.64809800902995,17.69935450904165,17.015396458780653,7.116256477762477,69.39121976486747,chickpea
31.02603266874594,56.70430773463734,75.25811906949487,17.54066515661929,19.778690669535045,7.5386827005060475,93.9746648345966,chickpea
32.974936349903956,62.79540332713149,80.06141862840244,18.75804675453164,14.633988105570463,7.794313681132578,71.48114547528799,chickpea
38.58763864693489,71.25502730995383,76.52024853128648,17.245398508442673,18.68456951641064,7.287441186554097,66.74491386516428,chickpea
49.84598951509301,56.44451402490917,81.95035228858553,20.934715701053655,15.435080625295553,6.39829823232415,68.64154818267286,chickpea
29.098254427027868,57.52614527526617,81.92161341694131,17.24916719252025,17.056532768898737,8.790751190788335,89.41910808518057,chickpea
38.45658314693033,62.65634051966529,81.23895836291638,19.108165855646607,16.55650030334223,6.365989054872559,91.598126457214,chickpea
33.493539464639674,59.865562795519125,78.6775935087729,18.65651901011571,18.965227373401245,8.054120265571926,88.0791468092402,chickpea
20.330937932859417,65.40384995449404,79.81344151635324,17.076769107292225,15.558879252470206,8.128811504741979,69.11329117186997,chickpea
36.059303943577746,60.38004680043094,75.12120774643893,17.964805830398166,19.855242529460323,8.244303913272372,93.787299329631,chickpea
34.63562131779087,57.74340496693759,80.47959488973693,18.817509338239844,19.066142496437696,6.2746312261958845,79.64723411065334,chickpea
24.50145994081953,63.116898172251496,82.373570773878,18.904072517475065,16.255329710874616,7.104533579996099,78.7834030521796,chickpea
43.55049631511171,77.30211722350586,84.55334686503929,20.14761354502118,15.892441374488076,7.926777177042318,78.12809372166176,chickpea
27.640118661381536,76.02178948564807,75.38426348962325,20.607047968541693,16.768864787748406,7.784164135063186,84.78061766617348,chickpea
46.85353222119609,70.91674205418019,81.13933584760062,17.26660816224276,17.110448131671223,6.420473202287717,87.12301306164457,chickpea
35.36665762438024,72.00569448020883,75.41672900602384,17.339168064183212,18.297940328376093,6.201836140796286,67.13770183295776,chickpea
20.363254257046624,78.912534957487,82.37508359459007,18.413005634008258,15.779213487725931,6.979169043288379,88.23960593543546,chickpea
39.84111833211243,59.6298891966867,76.74109335334084,17.39358259885359,17.96181631820803,8.140243454220862,72.95139284975012,chickpea
20.628348830927383,57.05429168691068,84.6786003484503,18.18177910990968,18.615338887028802,7.749057992791939,76.45818918958688,chickpea
26.170617865866653,58.03466045398516,81.15012968038866,20.09853512255115,17.863425521246782,7.484845973097643,66.25853670294909,chickpea
49.05466332783151,74.96785479136436,77.92822036700964,20.919881317435404,17.61128953781793,7.630783442980291,87.44219538288596,chickpea
44.353093642704124,71.41196518328756,76.280957463662,18.353070023977992,19.568501841956298,6.628923713162785,76.1650107151254,chickpea
32.96230648832588,65.98512474236131,81.12939582494525,20.77230335097883,15.44415627099503,6.340203853642571,70.92411469579812,chickpea
46.60774700627809,71.14527031638015,77.85906789239161,20.263787755874468,19.168219978180616,8.37024014833278,92.56779600918664,chickpea
27.567230605200848,73.87604821865696,79.6053949727414,20.367994211560244,18.370944062969677,8.17405285019923,84.68485513043214,chickpea
25.322863084091207,68.62567297242346,84.84669739524509,20.749552265988477,14.25904241478207,6.461481484042424,68.95186320363686,chickpea
41.779397299558866,75.44463324642362,77.13511366310672,19.023410771807317,19.0442181680672,8.051844325345503,81.26711616475545,chickpea
37.71043071376319,67.70901367290699,77.9754845131882,19.260087971436064,18.133311812300544,8.445304164410262,84.08874061937745,chickpea
42.83364611129474,59.00179087386432,79.6155747441979,17.037326479308373,15.480073187129738,8.034092802316414,94.7542985404809,chickpea
22.97534298761648,65.0373578965322,83.0007096869916,17.816142538515596,17.330509695813717,8.05259962888309,83.47956350780537,chickpea
25.640742038462484,63.884614217143486,82.83791784485398,19.216906056528067,14.031377681257476,8.130774128078663,66.05934064820717,chickpea
42.37201348193696,60.06201400413094,84.5807348011938,18.471763005208338,15.961589698028474,6.416886540930845,74.16812646470645,chickpea
46.29952285484602,79.90835844068118,78.68309530506848,18.79444252381817,18.332425629216424,8.48134818530221,82.79133002560353,chickpea
31.745770945334883,65.3155460212156,81.95618146496807,17.012873054417113,17.717536024759045,6.995380429235801,88.82591993831252,chickpea
22.789719194693966,69.70505667370976,79.80972889886124,19.56930210362091,14.38912156689781,7.623954604798768,81.84453763878571,chickpea
36.819802832485124,70.08719166491137,81.76467937226363,20.21995599872308,15.618924320769286,8.310138348504175,79.9476704679036,chickpea
22.311748374029936,56.46377323109948,78.3423831869606,20.13958790844587,18.246085608445494,8.208121901082738,80.51807169324829,chickpea
33.205969938664715,58.6863131676571,78.28192753609312,18.7360774646955,14.531602578077703,6.617713467591392,82.94675882191217,chickpea
42.0698934271757,79.95868778482374,84.33113331343557,19.570260798140765,16.52748831976443,7.781296621183052,88.56954854240696,chickpea
23.55008572770162,65.2476222424072,83.39802285635618,18.535331807732177,17.43123362736312,7.645754210414156,70.53428759400919,chickpea
30.867063249568652,63.362782218548304,75.26196708532065,17.096767055565422,18.990182262054642,6.7645982679238745,80.54236298716447,chickpea
28.961767207663193,78.51698112788351,77.59296758865774,18.71862725095574,19.236381502907612,8.357413987017065,70.58304253538832,chickpea
44.079299293871316,66.45467216844732,79.82968872085355,17.533919889663775,14.483609082542747,8.038230059526544,79.893834570659,chickpea
33.10552107845538,73.23770571630992,82.65512898991109,17.635632670677413,17.661350896865848,6.3789914303775195,87.54125258087137,chickpea
39.708654688014185,78.91536552708645,75.68958016356422,17.228218884605017,15.693122448159201,6.732775914460537,72.40936397216,chickpea
47.1876374156311,61.238654996237656,77.7194972612863,20.037593049671855,16.69843905470324,8.174789559474508,66.96098472693156,chickpea
34.62713581020153,55.84034000458207,75.62653203455355,20.625749813377645,14.835472226705571,7.490777910370609,77.33286807802119,chickpea
30.42029978776528,77.49583364218181,75.2182339677549,19.655158744702355,19.7803666052813,7.568470913693158,93.10467386099276,chickpea
21.56773637858071,65.46983297685404,77.60157790962052,19.92328385992292,19.88778254298348,6.718284174843894,84.62523804422223,chickpea
25.942928982792203,69.13325636429025,79.63932486688336,20.88802131852615,17.6511636361788,6.978617841843093,68.422873546638,chickpea
24.537404862048035,60.63292324878088,77.50966661340298,20.40246423136455,17.36733672969515,7.465494551848226,68.44306615607653,chickpea
45.80419080048305,73.07035758021209,75.67668361900002,19.831340388919074,17.261229304055878,6.228830968090979,78.7490192458597,chickpea
34.54088861390141,59.144363504081895,84.45698147000283,20.399901485922648,18.01413402397465,7.294427570801701,77.35296624753525,chickpea
39.529204014528624,68.63579673517263,75.62273105881886,19.050010595081325,18.83842170339704,7.285871657271483,66.55869732662805,chickpea
43.588345981520995,60.034094553399356,77.58620834888039,17.658825413729183,15.981290389228985,8.118904215928179,80.58157578511812,chickpea
26.146438224521376,76.94575195380102,83.79581854951529,20.48231370018403,15.432777268289236,7.263470163706767,94.54968968422625,chickpea
43.16037428929971,55.679185530638996,75.65204591260492,18.855725507249332,19.45532123516936,7.5083650342676,79.9343752410287,chickpea
23.164210998698916,71.41950261810734,83.22103160600226,18.52168003003025,18.653671105551965,8.700534630922274,71.11299377383067,chickpea
35.69988893584224,62.17844895211439,82.9285441903384,19.31037346352463,17.807494505301822,8.234159646924503,76.87911417987365,chickpea
37.87725171017608,68.3257216811535,16.57954822835348,21.263092063519224,23.55282945306778,5.595028503120258,137.14613312988777,kidneybeans
37.65358136914416,61.92261218444522,24.83521472715222,16.266403752438826,19.41410967881743,5.555267451771408,140.45907390070835,kidneybeans
31.357313808124047,58.802607080556825,19.40323418368349,20.537682225628217,18.584248594925683,5.764724910522202,132.32431818973816,kidneybeans
27.630169339415957,79.17816538147926,19.177609792750996,23.85699287132848,22.67543999162539,5.690401381976183,74.93594057662065,kidneybeans
37.0481939576161,65.68724219801538,16.622334057824794,15.11346767978183,21.91828978546868,5.658219886636803,124.74182601322427,kidneybeans
37.256451325445056,56.985164616075735,22.314964903403624,16.686707496878242,24.00723937210015,5.745719054158497,108.671437948699,kidneybeans
32.75606996558279,62.85875282959371,19.711678989328146,22.394732079394245,21.214856380212495,5.607339479597632,104.479120252527,kidneybeans
35.70623131093046,63.38020118427182,16.73761593135744,21.40812618297703,23.781847488956572,5.53019124355706,81.58867014803502,kidneybeans
18.549299744024847,63.698535289554165,19.503509789054128,21.73943703266976,22.55803309417172,5.6862785702435295,91.71374519486889,kidneybeans
36.036188827119,66.78217918495412,24.791049380151545,20.70727924466163,18.88385319095152,5.70285326862263,89.25936138885291,kidneybeans
32.15817991715244,56.74102870406014,16.748814371759593,22.701635330152076,19.590256899164604,5.751112337572882,85.13484796089693,kidneybeans
31.072047751467693,72.35376433774577,20.12654753145053,17.747796090270583,19.488510634597674,5.509956806368728,87.35517611166514,kidneybeans
31.329069763282074,78.45762046121206,23.71204482263052,21.894582988817724,23.51913140277309,5.699495471042798,83.42581718094027,kidneybeans
37.67987576764575,71.76830779764585,20.6044063098044,15.99890522292133,21.12938880664498,5.638107481360578,137.8107248570403,kidneybeans
28.666205504694712,64.51001372426025,24.768003285106595,15.996485339936841,20.95783899818361,5.512607402551422,126.59137086902373,kidneybeans
37.951913804978766,62.00093323876224,23.58341676799121,17.62996407415708,24.375391131507406,5.726188571079035,132.4416099157295,kidneybeans
15.450163890011362,79.07025892685064,22.26670992070323,17.7427598584752,23.80576265401193,5.584456359524479,138.54784556095152,kidneybeans
17.814509760298424,72.59214943651989,20.406984766449103,15.868810231758967,19.693256797811873,5.503721210883194,102.18911689180553,kidneybeans
22.53163151900001,69.95893710744397,17.972378077086173,17.69927200356286,23.202352391121224,5.514442850793506,141.26054956727887,kidneybeans
36.30659685977953,71.69511708066017,20.932215701073844,23.03072248325687,19.297311256701,5.523690748657248,81.55591529185843,kidneybeans
34.86445696750476,55.86675666816208,20.828068350834897,23.95893764572179,23.989872656862776,5.656433706713076,65.72768183579781,kidneybeans
35.78433785964275,69.97446270443027,16.14932997059567,15.844715563410206,24.367387736056145,5.700760078881423,134.635811938508,kidneybeans
36.97447250705668,69.29430880120806,20.174463517550414,18.87384669288891,20.218626114537834,5.630378788257613,129.64916901571408,kidneybeans
30.04808577537829,77.31308224887115,19.433800143791878,20.463806208468785,22.41915287164392,5.677509148691898,123.23703957769646,kidneybeans
20.935836709370157,67.80909443864476,16.042248028083478,18.460601948803312,21.41366948034885,5.695667277863642,145.54779473275832,kidneybeans
30.016276663708897,73.589847904414,20.06266059495203,20.706936282386984,18.496525512936415,5.576317474252554,92.56677838846248,kidneybeans
26.81233387516284,56.1412186375596,16.400240975533176,17.49132877012175,24.800728836307353,5.599404102130915,103.38369523008743,kidneybeans
19.902442818459825,70.2695017768942,17.806832155159743,16.86293320594584,21.616008399121853,5.501651739748127,60.68976293843028,kidneybeans
20.476720227546444,55.918034062520526,16.080257541306914,18.049745844048765,23.61809975705869,5.67161459301079,106.14009533607748,kidneybeans
22.33722058020304,78.2938429858204,18.970150412371915,15.783834901161944,22.319465612824608,5.5341515180429806,91.0700828521523,kidneybeans
27.685298467945223,76.85556311712939,19.935465803401186,21.320328894284977,24.949717872993492,5.539446735969395,84.72583729675677,kidneybeans
24.86440188994116,65.54570446347078,19.11021075265546,23.168499023008994,22.998228511267996,5.682371564227211,87.84354460765039,kidneybeans
35.59475960553237,78.87651278712472,23.211982825502265,15.014085946723256,22.454809591283848,5.51534061443263,83.18464983003497,kidneybeans
16.48811750869429,70.0948863237347,21.865899134926067,16.030388742593146,20.686872181314857,5.636870952686663,93.21477195848249,kidneybeans
18.025625012129826,65.47369475468689,22.51178047808418,15.6390689807993,18.561260098573324,5.606431387550796,144.75531404570324,kidneybeans
31.714316168072852,71.96674891681411,18.61919990837865,20.342947120876847,18.070918288194203,5.690828813922862,142.1958252818613,kidneybeans
30.31433670862048,76.84246483665862,22.239730554660937,16.08502574763321,24.317173151000894,5.519933153306733,108.05707252929875,kidneybeans
18.55342809483644,55.2926652682726,19.22034260127639,17.655366368887407,21.40200345658322,5.673159966020365,63.936516507805266,kidneybeans
18.07508237809364,68.96605991126063,18.43167353172658,21.56256138794503,22.56604154014358,5.753681308896972,122.32435440023028,kidneybeans
25.748276934753704,71.8241655598608,17.753811742554184,17.756821489003915,23.522896119445555,5.6339258549204745,131.85423064665173,kidneybeans
35.56055934170696,76.4390584415321,24.166352358412073,18.878866984619666,20.232067728247973,5.674659623978234,93.40551810938649,kidneybeans
30.026854170005826,72.63964656609562,21.88405018492137,18.370975983181093,19.16802141189127,5.629158801538662,72.83347296737179,kidneybeans
37.25242587959521,63.64693651844644,16.54459747223324,15.229029839151758,22.52075670400539,5.691070695236423,90.65437499231625,kidneybeans
16.792797221191275,65.2407223723808,18.112174950633936,21.094085757615083,22.240454746168833,5.6093781184592615,79.61032988294912,kidneybeans
39.70089915388979,66.35004052990287,21.88274235780237,16.264976708205246,21.399127897615784,5.50826101596084,105.4909606119405,kidneybeans
39.10043517794256,64.60516782464501,15.389960125749116,15.278602118274092,20.715907319628087,5.548007480938958,62.101688669536735,kidneybeans
33.90534034875442,66.46307522204727,17.892447719726544,23.10074864714833,18.81297272140368,5.7867756486865956,88.25700456396176,kidneybeans
37.210091807717035,70.07357191198653,23.267073597414875,23.85611846889418,20.01883806473122,5.788340645622278,95.05337054121783,kidneybeans
24.637797618423058,63.509677606362644,20.41407607347585,16.387305388606386,21.875980397506076,5.662511443723001,128.57116313443828,kidneybeans
35.841249048439636,66.0110337578106,18.023332493514935,17.33401407585385,19.362366856934102,5.517294274659707,90.82031809512421,kidneybeans
21.756192303269582,79.16043464666018,20.57708826250044,18.125493351274567,22.06327320695587,5.541759010403709,99.96393742819826,kidneybeans
30.655858035526595,67.22244579481128,19.017788006543242,23.944635500097284,24.162203335042488,5.687021787447832,111.24396250640545,kidneybeans
30.5165119956146,60.03280269556083,18.951377432643184,15.355135796018093,21.328822262407787,5.662907375187299,80.49747624928887,kidneybeans
39.10072117913784,77.73636527343105,22.22143235455906,19.800479658888264,24.089784117533796,5.539195703147039,131.14588148473965,kidneybeans
18.12052034917121,74.85526656373514,17.757675682513568,22.8938152291637,24.608294656777787,5.544638790821534,101.64080445588542,kidneybeans
39.52468445406713,67.08518589932866,23.635475225145452,20.29858369918188,20.627309355437212,5.585735066657761,78.29007819774785,kidneybeans
34.04495478444243,64.6635126705757,20.11275462200751,19.430929320010637,22.04095320463192,5.759673143687365,148.26654092250863,kidneybeans
25.189605214345423,75.68797305265758,22.645277946547175,20.16176056310016,24.69233000528353,5.560142354658521,69.83377892786592,kidneybeans
36.349049173885554,65.9787454158437,23.469688542070607,23.037811846758736,18.4372031553335,5.765039428895818,100.34871498324799,kidneybeans
27.760812225105806,70.66481277733025,24.26382606730087,15.172044849867877,21.33790427822472,5.706316612729168,125.04362619284056,kidneybeans
32.3133107884277,58.360878235203046,17.99395588371681,18.22843972875312,23.631060453756536,5.583627961724366,78.96344674804828,kidneybeans
38.936200475952404,55.221582127836726,24.97820855681978,21.09139168971656,23.79928509614382,5.588385818903858,61.2883749900354,kidneybeans
33.44673796403825,75.8536149250169,22.40476131953519,16.28565258570755,23.273995455798783,5.730676834632292,119.26864641030494,kidneybeans
34.15289831988966,76.1480359919433,21.136041142374584,15.797442425727112,21.413394667670477,5.523294800401482,96.67887279291878,kidneybeans
25.17766222814069,56.65024610350604,18.488205339694794,15.998982889121834,23.657646470064556,5.784306407789341,66.50848277321447,kidneybeans
38.877880182292536,68.06441498341863,17.995656779538738,15.691758677485472,21.504369876492923,5.738354663347224,123.63778295400283,kidneybeans
16.255650286599344,56.82254588419759,19.02873282632637,17.657614446431488,19.626690261392334,5.584301349672614,132.3134468967196,kidneybeans
38.230701340796344,65.12756736318916,24.06111002132497,17.893461311230936,21.33505890440654,5.5678086993448,117.64284379582597,kidneybeans
39.47452787937022,70.08732740108447,18.57814084113549,20.830357013914757,18.860444749257713,5.766597724079619,105.27755557018527,kidneybeans
26.23374355099105,69.64661971133798,21.247838627894026,15.645982256038618,22.778320548563816,5.572579504094659,124.25573692559308,kidneybeans
35.56336985960492,75.098962688813,20.52500967407889,19.68152903079676,19.00013172937588,5.7326038451209405,84.42684424020429,kidneybeans
27.417385570448666,62.106852323187915,16.33828362999693,20.66601927202563,18.380324243760327,5.72459357023786,88.58281157350049,kidneybeans
15.003367325112134,67.77822848093075,15.468519085276032,17.485526020388097,22.948835412190014,5.518806886486559,135.54046431204023,kidneybeans
15.095498066464577,61.170596730047556,22.409040561520715,17.84643134756376,18.713246716462095,5.608070175640128,84.33539577460729,kidneybeans
36.06779755401387,62.83369793962858,22.889324717760072,23.026849303296615,21.036721937035708,5.772982943156317,93.95862485668735,kidneybeans
39.10196041225271,57.232238113139324,21.870192665032427,19.444326364112356,20.71354163818953,5.68981356362458,123.34713824708982,kidneybeans
15.109081741257727,59.17382721867997,22.130460506343187,20.99746872220386,24.76233253590074,5.728311337075235,145.5695436958204,kidneybeans
32.563512538370176,62.45130521598608,16.053649222508565,22.03641477010442,22.50904455033141,5.514455803717989,92.40454193108805,kidneybeans
38.91999538710715,67.51002864275503,19.327291360197044,19.119296446433644,19.462179068036146,5.6106121512594385,93.2831930388459,kidneybeans
16.30887550468681,74.18919071294795,19.165044319038792,22.39961898134781,23.952436007839268,5.563598216409598,119.16181339531157,kidneybeans
26.807045104074543,77.00391844803713,17.15740679176454,21.100318802790397,22.25426485576906,5.58859044327155,72.29408132860553,kidneybeans
31.290994011931915,73.46493645330827,18.1562734376335,20.803493436200824,20.765916353280524,5.713962064984785,77.92937474046478,kidneybeans
37.25537506590436,62.18523991163949,18.67785987756153,15.522827568723148,18.780585486248935,5.654758570813699,84.08334090551743,kidneybeans
35.88700564355486,55.36733471637385,18.79094048671936,18.036109920921835,18.135293416423206,5.537310519700153,97.22784074267717,kidneybeans
27.321614611186163,65.10724368137173,20.30937678412094,20.356185074151135,18.06946674789485,5.639228547836051,146.71493167988297,kidneybeans
27.975807003238717,71.93855668647383,18.11863857916883,21.96592240337486,23.410450373132804,5.656388814296242,147.84124409512924,kidneybeans
18.138755369066335,55.423691622239524,22.701582117570958,22.264399836283943,18.841450603844034,5.5796748498875814,61.5797127029966,kidneybeans
22.332715269514118,74.32854684796679,20.179605277125788,18.132860338514593,20.602175064344312,5.500406087714641,86.98204748087123,kidneybeans
31.161468540948263,79.35486109540892,23.470608269838994,15.212354681809762,24.289924232723877,5.734959523989588,130.23385112138823,kidneybeans
26.44989397508929,64.95013232386258,18.029157288331927,15.591253730589292,19.597647544455892,5.573981090493407,103.56693627391815,kidneybeans
33.68611016491735,66.84524570994867,15.578444494471606,23.620108208893836,24.599070233658786,5.735556862944522,149.21951114077984,kidneybeans
28.612058320006575,79.06920875633016,15.756050406167507,18.291126734352343,19.577668876047362,5.5587499252402806,72.67226540034085,kidneybeans
30.560341039149918,74.53304639368262,20.782983994203605,16.322664386293887,23.677866389534294,5.6907864121491185,94.93491355142959,kidneybeans
31.853257388401573,61.49762448107082,18.451922084942105,23.257372588187913,20.033531539699943,5.640996480447381,140.11270236564133,kidneybeans
32.69303375668819,56.55508065411757,16.473030442789703,15.070574316947251,22.416452531604143,5.634302027623125,72.0847365812048,kidneybeans
38.94835302641926,68.24149309864049,17.418932941128894,19.50543214039237,22.757342329145754,5.522871765392069,84.72334335431029,kidneybeans
35.17413727209984,66.49162176006654,20.465771420322948,18.895344019885222,18.307299598501036,5.549724933946047,100.09874748677018,kidneybeans
20.229636635198197,56.24947571649197,23.436496640518236,23.83073276247704,23.552000117977176,5.7561354765114,81.77794172853409,kidneybeans
39.01567438782999,59.923142611335706,24.514298103618323,23.95337364569356,22.982059640222342,5.7943431195375465,111.25858016103933,kidneybeans
21.48854457940226,65.92489714164051,20.93560935378786,15.657734058243134,22.356402852320723,5.794353351028688,77.10968848053548,kidneybeans
34.81487790720958,77.69746984449048,24.437015928202207,36.60135604405447,48.251087355251514,7.431923723974511,165.73102071344388,pigeonpeas
19.041785905924048,66.92250266169926,22.18331175372004,29.473403158190834,52.421531424211054,6.499801437139858,106.26997438085658,pigeonpeas
29.12713281131891,74.2906727744652,19.98895664535942,27.121031167761075,30.316346417775225,5.571088031910037,182.61940684317818,pigeonpeas
20.71691949009022,70.85909222179218,17.220758706933207,30.216699896595486,59.681473136051935,6.68658432680984,99.53992773132106,pigeonpeas
25.71755052466084,55.72924409113161,19.80890146603009,33.62434011701068,34.14759182593531,5.366654816727497,129.7836625502157,pigeonpeas
37.98827561640124,79.8313753855741,15.44911298995616,34.61007923495392,43.01034232408201,5.67737455868844,165.42649733470228,pigeonpeas
37.96066080363522,78.7732148625637,20.771225860383208,30.571211593005028,57.56421800505727,5.253004149786901,146.40740288335178,pigeonpeas
23.96446153812183,71.4157768426969,17.40398912893507,28.91592945734826,62.1383680336403,4.805411048848611,140.59579077349315,pigeonpeas
20.52131957407522,55.97324908314169,15.360188182914264,28.752217721058273,60.336962407710004,5.34743623193108,185.04591705752958,pigeonpeas
29.54055732472984,65.91535474421916,20.800888346694546,32.166983852262675,56.557168881506385,5.3474881979185565,125.30503916003025,pigeonpeas
37.35235756333127,78.66141282876013,23.925582274864745,31.194479939573135,57.31279260524086,5.929007199903296,139.75398521461022,pigeonpeas
20.117002726432098,69.77825758146291,16.86135897753348,30.315646990671937,59.92605705669773,5.121227427632566,97.11582851734329,pigeonpeas
16.72518981532041,78.5196130125777,20.06920437961835,31.09412071817018,58.38075033527714,7.007477783731548,123.21910331156046,pigeonpeas
32.34045143684488,74.27807039629717,21.546506868659545,28.515950748000993,60.655907923097,6.117283658208026,118.24724263700037,pigeonpeas
25.630704635942347,55.939277259972684,16.278668012224177,34.65546750515861,30.000407216437814,5.749697485446877,142.25101810855884,pigeonpeas
16.365860500024308,79.32695407430832,17.26125331249672,30.041987196362808,40.63798792892596,5.19124998635205,90.14738220863114,pigeonpeas
33.23361985219991,79.17113749498213,17.24293483285045,33.630471918034225,55.96637144355503,7.045276137271574,132.26291970136091,pigeonpeas
22.573272641010732,63.13237835057578,22.126213330985127,35.16779466505636,36.35648887148109,5.612823024473295,180.194019674915,pigeonpeas
35.16733799236848,79.6214600690619,22.542482596820808,30.931952010279222,50.67232418981232,6.483042762741961,97.84558163171239,pigeonpeas
28.612423977596627,72.73302071181524,16.673213040010605,34.80631717425557,50.432047317993906,7.356665357092783,94.24222982068918,pigeonpeas
21.633153438886673,70.0388469824956,17.965599122059306,34.14424164071242,56.56518488826758,4.807547892199423,141.38544642067677,pigeonpeas
27.722263889776396,64.23201925538852,24.32924862569672,35.27506319873221,54.40232836683729,6.642979907204992,136.1716143813119,pigeonpeas
38.0248630274144,72.36488568133214,22.289810616558164,35.616909037873455,39.59250562697669,6.921212711600109,109.5240602956492,pigeonpeas
23.633548806122196,63.390261356746066,24.785254683891406,35.56537223747927,54.54094515565909,6.6811702848461705,146.2072794402571,pigeonpeas
38.67726667771298,67.40646882205904,18.805177098698945,28.63035336931591,57.51719782913703,6.703331796226774,128.4355038524135,pigeonpeas
15.629835348980734,75.97493319295026,15.114179834540737,34.03699779629051,63.958998840411994,5.81298398444461,113.49734049959528,pigeonpeas
32.62177525108454,75.42820355038963,20.464303160778474,36.67035275256146,31.80840525802864,6.014386794913584,161.845394732255,pigeonpeas
36.566011778729475,59.48139029769475,23.000034817636816,32.527070757185456,43.87937886964871,4.895145085737281,176.52957589089124,pigeonpeas
18.931830204492883,62.74469648022748,17.90045531962437,35.714140341908546,53.54460479731143,6.890044191574117,115.0467898792499,pigeonpeas
30.621852490174973,69.29364957859372,23.32830376788271,36.06087060481261,30.42548700170854,6.522059757176378,95.1835799119729,pigeonpeas
28.721466626933896,62.190818226091956,18.06776599522141,30.529585034523567,51.74523571673635,5.502149897006308,163.26990505902802,pigeonpeas
25.11318463934674,56.708830007748965,22.837598424841072,29.85758324592706,45.14684078597419,6.5563316496657045,123.2456157148712,pigeonpeas
16.41464140366789,64.34802617532034,24.444485826943033,33.417343972985584,53.501770203352244,6.396846460912919,109.89921389594367,pigeonpeas
25.458346602557004,73.77349495908295,16.013728975531592,29.778527760897123,39.671168796304876,5.796056782783518,188.0368740942185,pigeonpeas
16.68756366709555,67.96752485951488,16.793646820122106,36.70676545409744,33.96562266546125,5.710803007084774,163.78849848346061,pigeonpeas
32.61386070068613,65.5682159223483,18.465241679527182,30.976123785528706,39.249669210552376,5.115998816120399,138.303969755889,pigeonpeas
21.713343901690184,62.18654162243125,21.56756063474557,36.68537331699892,51.127302019578124,4.730938401194899,97.5583613854067,pigeonpeas
38.78558052113915,62.43226975768334,15.920669860824754,32.990445871503816,51.82770724015931,6.445514460356065,116.74020278575412,pigeonpeas
15.377767105361876,79.1253842363618,17.508930456911024,33.760262880525474,54.732045445754835,6.330022251238457,121.29073942136482,pigeonpeas
21.777406344101642,69.94170706756758,23.660956336116914,36.46733728923395,33.70670315413152,4.964485837793159,184.47362587830798,pigeonpeas
33.413380708369814,77.07484562074433,17.026326341353432,32.87585871109402,54.53988580461158,6.540335656340918,130.8151690866698,pigeonpeas
15.384872292282711,69.57315142010658,17.53101539179609,31.502542461428902,63.51533552793361,5.697105952927304,173.98016066644266,pigeonpeas
19.71351514373128,71.81151245062571,24.770069544389436,28.018931008729368,30.29119797795172,5.800748377897843,99.26254830513672,pigeonpeas
33.70960874190578,77.86371659621398,19.34020972708759,29.58711642155441,45.20411616523134,6.670343453550003,90.9054161580371,pigeonpeas
29.73634973711743,70.33229212218447,21.376882468959355,29.42022079980877,54.99184531823444,4.774174458995329,109.92703364668009,pigeonpeas
36.93675116636204,73.46807876816416,15.137455540113452,29.483762603698004,37.504226904760756,5.312418984110918,114.75597702798865,pigeonpeas
16.563157393571142,66.4735129149205,22.327334747861652,33.067317247174365,53.55050840093279,4.743447535608717,185.14907101767872,pigeonpeas
35.96229584607562,75.12725796239157,23.229838050417676,36.327105081327616,49.04888881397942,5.1008460536028775,151.6783607852541,pigeonpeas
33.572037341698476,73.44793483385064,20.214490241668802,27.68458719333578,42.98895284505447,7.2622998253900715,148.4448909757426,pigeonpeas
28.458298581392835,61.721337859554836,18.68448919916579,35.95346089153169,53.32620666343925,6.862161080256999,135.4345423067655,pigeonpeas
30.75618048640395,61.20959021858019,22.054608302834865,31.276013337033373,45.489093018516094,6.4479669737306455,183.62806214689266,pigeonpeas
16.600158665215524,75.61858093367519,17.92383110412193,31.439194545063778,30.766966507125314,5.403138233502939,140.26312426301305,pigeonpeas
16.404401933685975,67.27739323457914,24.27110628858427,28.053932181078054,56.75542548264265,5.729013160127978,155.5173714524338,pigeonpeas
21.505914949630736,58.987306563533956,16.604626142712263,27.704919456431448,36.49763467154351,6.492658154966905,178.16906118435082,pigeonpeas
35.353142139779045,72.12835774686211,16.104318634111028,29.8918744629595,40.84324063628641,5.249870839192864,141.5005659709723,pigeonpeas
28.388845371991813,63.922149379277755,18.53789158736436,35.28555597906082,57.625249691189,5.4233874950422365,181.37884438732593,pigeonpeas
38.82037542506265,63.16856355075102,18.54424948793055,32.05634153421959,62.939228438678576,7.128958299426935,100.25679625835897,pigeonpeas
24.818268581785404,68.8342797437443,20.0313247255154,28.938630679368927,60.058586990885416,6.530822348990512,173.79083748518036,pigeonpeas
36.46910698373681,73.7088963416435,19.392106012497173,33.105467550154245,35.61278921419101,6.520936252424724,107.92532557392808,pigeonpeas
32.34873976275392,60.73995401884922,16.1755130015022,28.652844901429575,30.06972473266746,6.65621885356059,163.2401049058379,pigeonpeas
27.873333747831488,59.03407002638459,15.835543375106898,27.19128966437287,35.801186193782726,7.17256660494944,114.15368417016818,pigeonpeas
23.85678318043039,57.63363711203333,17.223613047481702,32.19224570780205,51.27134390834784,5.236056942498633,95.77321592251172,pigeonpeas
24.775821728184965,60.855084273158354,17.195539232298017,36.59862802713455,51.57051700740034,6.170635329516288,131.57751035233218,pigeonpeas
25.723608335753607,68.52262509595202,21.964298070361075,34.02146096181829,36.00928676969073,6.000338256229881,131.1958095034102,pigeonpeas
36.76317415673461,70.78547303045941,20.32504066415982,28.153946421789172,51.197326126319396,4.851611717040701,123.7206575565752,pigeonpeas
18.571049120358296,72.30184117560923,17.062521138361525,30.91859373188026,61.34861721665725,5.112949150196911,140.78050639587792,pigeonpeas
25.48179152915055,55.453101026143244,22.927581135728126,27.690459063145997,46.59892573419337,6.18203488481685,152.8426456614587,pigeonpeas
32.21579073269689,61.33180958806788,15.099787766584495,34.23443662354912,48.747980977165255,7.008353109621746,172.13883629006943,pigeonpeas
36.08315419469708,67.1273664994885,18.336283958368657,34.9155820259137,45.795293956023926,5.050326589210304,175.49740195614743,pigeonpeas
37.06399691930868,66.65774390350425,15.756997273097875,30.878260899169312,58.12381808119112,7.205322085638686,110.34727424975958,pigeonpeas
16.674340300631787,76.93376132832097,18.894049389788755,32.41760964267563,63.88230342177656,4.699694183742668,154.83180074520956,pigeonpeas
16.852635564371678,64.38672321166251,23.03814545193447,31.334722327556342,64.90138238660327,6.177177854839806,122.11621526359535,pigeonpeas
20.50278314761883,63.763013357154044,18.725332737595508,27.68713677723961,42.93509697993706,5.892715559217675,162.27377522388048,pigeonpeas
31.4182371180402,72.71914138072886,15.083636818768571,29.17667399580536,53.158950093994974,5.951968104539241,90.5313475668346,pigeonpeas
35.11236606079556,74.32023933225844,20.484191629935626,27.66463325776272,56.82802673364046,6.251140763194092,168.1959977157959,pigeonpeas
33.79367480989601,75.07505179894594,20.180080664046248,28.40324518193515,53.49051156828911,6.361421355155912,164.22531871990873,pigeonpeas
19.24702515126838,59.87437999750723,23.904095172193287,34.499777984520705,61.787997104511305,6.7761459634917625,149.7155305990302,pigeonpeas
31.35331842569684,77.22819809850024,20.788067545119404,33.323913243283876,35.47668506012602,5.921763660348308,161.6397111958099,pigeonpeas
21.773567457909135,60.05635451311338,18.138268082244156,29.415006279928335,37.521942296273856,5.774552528604261,180.7838513883534,pigeonpeas
27.676491168467955,59.698009520383074,15.769716693808741,33.961561451379254,43.397956755273576,6.965492839756077,155.95107686407704,pigeonpeas
34.90603626353421,61.79865098546122,21.92358922461058,29.640619846937188,62.8673967807602,6.409122844600123,122.4511800175342,pigeonpeas
21.737796557306815,59.773164626791086,21.94640958893728,29.18715612997927,50.835614307462116,5.293905080776072,156.19689447938686,pigeonpeas
35.373493213513484,74.45063107861633,22.608513309307817,28.877224056922522,33.09347314445815,6.596846485462157,126.83472137943514,pigeonpeas
25.80865566008368,55.77872731983478,17.59576449275049,27.33676403874464,60.77150204104367,5.230190049655591,145.7337169573008,pigeonpeas
15.97448301652826,71.67118478264145,18.23027345754094,35.97919186957666,61.08413661269125,5.475871855085243,180.0960895690468,pigeonpeas
39.903941837469475,75.6353916030987,23.44871347755229,29.4900873610909,50.18458396002147,4.701767741902104,99.49179368216697,pigeonpeas
39.972315300832264,63.16598123564778,22.481839120488463,35.06665053026816,60.03081448525302,7.49288489220647,114.14964852568679,pigeonpeas
16.008770671492492,65.27978794986466,16.30080669828947,27.22425889162055,42.61493894995201,6.851214753225709,146.61806912250708,pigeonpeas
22.819449730258853,71.35855013731799,17.320181803088108,27.14381446072085,56.75236852527496,6.371229254592027,166.230262450096,pigeonpeas
15.973450417191641,75.92799069576631,21.195262000363034,32.6339535071264,51.861491684008605,7.093299740605092,148.6936506558907,pigeonpeas
29.523759497204484,79.76697892664414,22.56730167068568,31.422938054511352,54.75889500115247,5.667691415075366,112.8875462483499,pigeonpeas
29.921296922193985,78.20455245284879,24.291395200154625,30.4190527810549,48.46871131775933,5.134907695709583,189.56311094988834,pigeonpeas
39.52794769669839,71.23772324268619,23.04414059677473,34.151001612837,50.76053766638139,4.6600439909666935,135.4764342552661,pigeonpeas
31.869657554185263,71.93829034709212,18.731226184223836,36.41691986658031,35.85749612828734,6.001078338646682,159.08839765508228,pigeonpeas
32.428395147295234,71.21597391922039,17.7528821345186,28.56206568686622,52.25791143893488,6.297906348418313,107.9356010289241,pigeonpeas
32.62847863926409,66.3792997933414,21.67760591603153,35.37367079770151,35.940495000192314,4.55743460399051,167.91025863957867,pigeonpeas
30.2424356288154,72.49098924055303,23.381549749886425,35.028109348245,63.632205142508866,6.107805236556355,138.84956326599053,pigeonpeas
25.047179997268252,58.84227607110511,20.726072328820223,29.770125243259788,62.245762927454145,6.249572412831293,149.28401805081103,pigeonpeas
23.87311652192525,56.299733799442684,15.317437653729886,31.233351441531976,32.95978823340332,6.3205408666204175,178.09730056396575,pigeonpeas
37.07287041296806,71.47613525330581,17.11231831472931,35.62996831358872,61.01327023596228,5.089960754858876,163.74260857706773,pigeonpeas
11.460781957084919,55.066007808823244,24.972378999036025,24.240208042635143,62.43414664477329,7.547098468391277,73.80221786241695,mothbeans
18.600380701057105,56.18469826428434,15.623940685982772,26.682232400626365,41.67541344378025,9.839730367613958,66.76382582723265,mothbeans
34.10189684983882,58.44913078584736,15.851034861197853,27.084780740106666,41.775872226100056,4.870155160075186,40.32145996669526,mothbeans
18.764288441903147,41.714054186341066,16.00978106817761,25.33992871275286,43.68188908880227,9.824999186429938,64.16816281133131,mothbeans
38.71045861078248,45.99351216269771,17.783684816626565,30.386345577673495,48.15634795102867,5.445991929084764,40.4627696493524,mothbeans
5.187159128969414,41.41157652541915,18.553197484738877,29.391953665165843,41.56412105548629,4.868295107824729,66.40606381312543,mothbeans
5.8768769433508306,43.56612866306304,23.6465892185814,25.23940248914754,42.068420890454746,6.64949696802007,43.60887800753414,mothbeans
22.536334579354165,55.095122262086875,16.371484881527433,28.64559267643428,52.6377190097466,4.436512109085797,58.07993184880421,mothbeans
10.945616714430866,47.19585796360031,15.82272324277062,27.676672457708985,47.661586701070505,8.845477872704803,32.56404271488157,mothbeans
16.7442909967332,46.46078560328595,22.250060762991186,28.594300600721688,56.68030842985453,8.550820356736414,68.7991338146185,mothbeans
12.555019868898821,48.450567634097574,23.401080784392,31.91560904772045,62.23798277609408,5.91453720705845,38.78249327483927,mothbeans
19.575701496263548,53.54103629590105,19.925690707532976,27.865446906509348,60.955760527045015,5.849124563936711,68.69076036652405,mothbeans
16.272192038068944,43.205827641958486,19.539899111996988,30.09957566939895,43.150050696599855,4.7767249031681125,72.81501715483914,mothbeans
7.019665095254295,49.193182948276366,20.793144666619376,27.91699569640196,56.11863121442046,4.99387371768452,54.86980204995367,mothbeans
14.886930209875885,51.54168149072973,16.412235433731496,28.56701933471581,44.63175888458309,5.311179910247737,39.84194101456124,mothbeans
7.313511194752684,55.64277378901667,17.857075676608904,31.416990254915596,64.24816313362977,7.213193054591133,36.435050519957684,mothbeans
14.98192973518325,54.94330658370535,18.673907286970703,24.69613774642231,53.9196227732047,8.993285534724226,65.8166874214576,mothbeans
7.0049256052141295,51.81911536031167,17.20504263435647,25.74566027641738,61.85179433262963,5.122848192811496,41.846130593310505,mothbeans
0.026135630451982195,56.76672585313794,22.92594813209135,29.018631480725425,58.75664409847106,4.488315688259196,50.6245617564409,mothbeans
14.048775493951236,37.34441315642541,19.86130485214924,31.365917202741084,41.00147797626736,5.39449593770966,39.33934212925666,mothbeans
9.525866146627852,57.710863796984384,19.6806905423429,27.73039530351855,59.01439106138206,4.504199326032017,51.926940934502284,mothbeans
17.19940856484239,49.9227672636664,24.995577032504386,30.155591152656378,49.94664257543568,8.879094839781306,37.68187634906161,mothbeans
1.218547452358405,40.11120931160683,18.404115561142596,28.08464605967648,55.37822851353,9.41893716189374,52.9434304297706,mothbeans
20.051025785029175,36.25607524557455,15.349115526562239,28.409279695330977,50.95446533120861,8.95467256737194,37.23058131203303,mothbeans
0.9988664846819839,46.225969198253146,17.374785567522576,24.396914986710698,58.114957171190724,4.225354499722108,57.37437750034972,mothbeans
11.241990006675566,39.33740125887555,18.797515229193174,30.41156620978363,49.80233942261432,8.380002719871861,35.64688335596178,mothbeans
30.910856786603166,40.923333122666214,21.773931298888726,28.526252438727973,63.22861793029219,6.017596366839541,32.97743349754982,mothbeans
0.7662194220501162,55.67146402431882,20.24735637661432,30.201952414679596,45.860640000287866,5.743044345836019,31.35467424950935,mothbeans
38.459692982964484,51.69669766752034,24.332050877593062,26.12397125943258,55.28659028064152,7.910249793902146,44.28973651159148,mothbeans
33.9243694006252,58.67903657250619,23.848551176960044,29.91253580751498,46.93661699312385,5.330504273686606,73.3512144200717,mothbeans
0.41137983742768114,52.90124933105361,22.062461625552622,28.981516327598378,64.75272115217165,5.527216332464214,45.29873387069617,mothbeans
3.157576117862222,46.06995341359344,17.61048526234848,26.747093617421154,60.86429475639069,9.580649337928723,38.357988240233354,mothbeans
14.900357262138634,58.21576405288485,15.618084606892227,24.738884224891027,44.069774730155736,7.368883421824686,36.77125219526989,mothbeans
38.72305525802934,46.167863181463005,20.015179603501664,25.973268926443254,51.77400631086834,7.802438612140575,63.802971162931925,mothbeans
30.15472330839652,49.44727781735221,24.04359774993857,30.539262778448876,58.92620286746563,3.861435890922994,30.309508299884218,mothbeans
8.497891087818918,51.58808984783631,19.111974888825458,27.219250074394495,62.11467220574035,9.321158512856952,70.91288688241136,mothbeans
12.555123060601092,52.27639531848155,17.716331812743697,25.524878664595597,44.61581143368423,5.7236995356133615,49.348092890091976,mothbeans
33.23796684220274,37.9972773368178,22.349258473948943,28.251639313514442,47.198633566899815,6.70332729946336,43.49739313996602,mothbeans
23.84327820953224,45.84609807138111,16.64405529078879,24.932664596445573,53.667392051803255,9.365684716359674,45.47809589509585,mothbeans
29.32000428890493,51.46653387349417,24.31554914309481,30.567848138393128,54.165131472636574,7.770698238521698,70.42739099628156,mothbeans
15.980751383477392,43.16986764644443,15.108110836351964,30.612408593531715,60.024517510084124,4.178954367650984,55.95858215097151,mothbeans
18.559267926675496,37.967727387727784,24.805682270607235,25.717567099706844,41.680854502264026,7.366507966762413,63.24900047098647,mothbeans
1.2977378418874785,51.467940968175554,20.322918759514543,24.82612007100039,44.31309692365905,7.191832932554523,43.33609260809798,mothbeans
37.53262914605264,55.46850573710127,24.83567206513663,26.07736671160331,64.24309081994943,6.303020153645126,45.63834578911896,mothbeans
2.0139810787741297,36.31913144649007,21.920112559466546,27.663431955472223,45.663040650902644,7.490806991114012,41.378615321255005,mothbeans
23.105270173776905,43.980218674567254,23.23552226611819,30.565569286134235,51.93375995306003,5.780324210677602,46.31519084515925,mothbeans
32.22858102672872,43.2044870699403,17.09059373706846,24.677506735002453,51.66732802211021,6.633858642978972,67.84089196813082,mothbeans
8.849547857842559,44.524781841709995,23.08405738893691,30.58898888599179,49.61527689946921,6.484306151363426,43.64786508821773,mothbeans
37.30219513677248,37.96609414353951,24.3374942300147,29.470931614682748,53.28930381716828,3.7122838950992234,51.40182863199037,mothbeans
16.309924200109293,39.03047029937807,21.56409603500657,31.769207258946288,54.054720276613125,8.145896296885649,33.08027036547075,mothbeans
16.70667983267979,37.908962129112396,21.127958355365102,31.507857265713238,56.544443311790964,3.99921981404374,45.95997922432873,mothbeans
22.02653517763406,45.080193903331306,23.336440104751723,30.517368037679915,55.29577550258054,5.927476643362584,41.490136819345985,mothbeans
4.234972728525173,43.87244208716385,19.131725172077196,29.406583400832588,56.45399560743934,3.95570290766817,47.7866691944021,mothbeans
7.271154688694477,38.920317632920145,23.27302149737246,24.335321733730062,50.47957189755303,4.593323762482369,69.56985970553133,mothbeans
22.281620531001405,40.7845159094212,20.024272871663765,29.851890877624925,63.95295022298585,4.932899027595223,69.87817974582053,mothbeans
37.37216456669961,57.91051361330166,21.354143568619097,29.038565235477662,50.08026582959557,8.39058623497462,53.90823082579193,mothbeans
27.097522849131778,45.711447596219884,22.31496464043139,30.59577214083639,43.6609064150704,8.914043151232482,54.313343930563825,mothbeans
33.78663636360897,45.782542658525365,18.79040485383035,31.32048586013778,46.279231688710034,8.98738011435993,51.78092576292319,mothbeans
20.56381770205039,42.7117070372371,20.730422006190157,26.60168957020969,40.981735356041305,5.2679909347383145,30.28705695329658,mothbeans
39.13419148227427,59.143680245493684,18.95155297472305,29.82696683471717,48.645152460260626,7.862105521058845,66.24435193706907,mothbeans
37.87024978768963,45.0053068962418,22.83297982956048,26.12742760505695,64.75830759484121,3.6675023919682825,57.15879629255044,mothbeans
26.380239266053085,52.20113892685322,16.20387578789089,31.508238267785043,44.52958197625207,7.547897121058967,40.02042356053882,mothbeans
12.288656680850835,48.66146354320311,19.171934185645764,25.28180480781205,44.27341006052121,6.217941123058198,64.07773402239754,mothbeans
35.91858587391154,37.103191556484575,18.93103907559401,24.801964509783012,40.414812015814945,7.801171437185718,57.11022488849645,mothbeans
6.520764552595448,40.8453208273266,15.237077536445184,30.67957764555523,64.36726490121379,4.38048698916549,40.41638461943842,mothbeans
34.73638095787736,58.16159494890462,19.196273828068104,24.404979778152594,40.98479584232049,7.230674129448568,47.68027990019306,mothbeans
1.1460971031061806,49.58130980781392,15.113025365890225,30.298975665194185,47.66082056758429,3.7616770195600084,56.4758499442419,mothbeans
15.907376577322188,59.34501033392874,20.44198662503702,26.201913448296068,57.735971615849365,5.264698016527624,70.69094811334043,mothbeans
14.988878820295056,48.74671406940513,15.505731038242288,27.408969903617844,60.809088491524875,8.736717234861722,40.09433514840868,mothbeans
9.043162840422507,55.43263280533092,24.303984201693254,24.76288737018403,51.25146598565563,5.693452813267488,69.18098049558478,mothbeans
3.3409965872007508,40.278148563950936,22.524683375864942,24.410350791849723,52.31338451785723,6.37369572541818,45.04805305449369,mothbeans
15.782892612756951,48.248514673255826,16.61367358388383,28.575967026268742,60.135808232499656,8.441046043636034,36.92549571121982,mothbeans
5.969978789658956,41.704359193622835,18.61074726341037,27.26764465126786,56.99243042083363,3.8684228090779302,31.56027169017299,mothbeans
15.676422517756361,52.42909230344951,16.934353429564826,29.132035850050013,46.495703448507484,9.259559707287856,70.30604749199775,mothbeans
11.891488171253059,40.74984384908101,19.113039720662314,25.92425268144119,56.809596082292586,8.869420449563856,60.289145891004765,mothbeans
32.97401788997398,44.924804055186854,16.56316970708861,29.903607579180736,49.01186262853885,7.863260363989362,42.17897738917945,mothbeans
3.2491853922669067,59.81454488719409,16.562015079305993,31.907367951707847,64.43199831416118,8.659817675402259,59.67403329368989,mothbeans
23.112282010043387,56.65253863444587,17.89439521619488,27.741449699879016,55.48474923416255,6.1727380931516915,49.23689043406206,mothbeans
13.211386700083377,49.1057954171134,23.50574528015116,25.612227024050505,63.36082596883604,7.979069749363493,67.04729457060137,mothbeans
22.247627705200465,54.48791753560158,15.162003973394672,30.547043398236283,41.00347147713416,9.284436946358607,74.63832362573895,mothbeans
11.762698487071113,40.25796390714484,22.65363363858041,26.024210727362025,61.63905957930508,4.168476849023598,35.66798383707112,mothbeans
39.16606220402463,51.84597245675012,23.46887224428953,26.594635018812145,56.91209373801511,7.362571877505882,57.141755405532614,mothbeans
27.301298381508865,49.38397932822747,19.29062369302666,26.207381555044375,59.21453327283005,4.9707707950207105,61.15594377694864,mothbeans
9.333312905973067,50.63325424886135,22.470782671290287,25.749711111252314,41.498582521532704,4.351329329462132,57.26986352719615,mothbeans
33.97785624902942,36.12492053088561,22.341512590416464,26.730549167600415,51.96320924798806,9.537587073996177,44.93871771311305,mothbeans
18.61347735757944,35.34206036901703,15.815987200048383,26.06873272907827,40.69630602052686,7.603939619313631,49.18792605607301,mothbeans
21.92580810912088,39.36617964740824,17.95932029436616,29.3105957988218,64.13256809076,3.82770902841436,70.06729443848698,mothbeans
23.075248052448337,49.09798916889059,20.002785352077602,24.555152687233466,42.246921293404014,7.40592803678406,45.34313571460012,mothbeans
36.69072266310722,45.164763433986806,16.43281458702641,29.717750668016286,47.33383553602525,6.915556997813306,61.40247534773265,mothbeans
36.01056444808282,54.8047798700419,21.76361067872724,29.437065459161147,63.64811610080216,5.422856633727484,30.050044238828434,mothbeans
10.878182375927947,40.4472844906686,21.61834585113998,29.069692798124233,54.836534567618095,3.605582380861449,62.79501245027914,mothbeans
12.94121649941966,51.62639972516578,20.565784285021532,26.741847403423257,43.364406677602695,4.113722834793126,67.41832499005005,mothbeans
36.73590168326232,51.244701169107486,16.034341148604835,27.216217735105925,58.22348000262893,8.568835746065442,35.31983800309899,mothbeans
0.0012287538152966349,52.803426147015124,18.565961759862056,26.03585065294608,40.322436744738134,7.011946143949748,68.30178309416918,mothbeans
38.30526585090352,49.14362376533223,20.144613277398943,24.68045108391393,53.72182003856499,5.969864013275065,57.32108763976096,mothbeans
15.549053915061869,41.00747808625917,15.949652752283765,26.519347556711168,42.4161208571938,4.649830180355895,74.43012713607956,mothbeans
17.764142276264746,48.29679416262542,23.73618528737215,31.964551203925502,54.56786123361704,8.781079836787116,44.71234609515039,mothbeans
12.229758297891644,45.067593024864,21.72507262673649,29.45753351404079,47.88098586623627,4.365864506888086,58.457831540947886,mothbeans
5.133034487550581,49.462312705733254,21.93422128056309,29.604891971155613,58.83680276648992,9.17358624017682,52.49815463841548,mothbeans
29.20996758118285,50.47931838414592,16.866399397976824,24.205517158955267,47.113534641923344,6.379719091194526,57.76976749928953,mothbeans
33.998373220128215,39.906142917654144,16.25549789898477,29.890439842422982,81.08044559376407,6.67849107010719,49.639093219832546,mungbean
21.65497683629753,37.15080392582358,15.570269140036194,27.31645028238311,85.85587683872612,6.7443448876343215,40.84351980091861,mungbean
25.510965673823662,55.501687551391235,15.415789598465938,28.494389830644128,86.89310412102691,6.452311927069688,42.694272632328726,mungbean
24.545516119575353,57.448382336093424,23.099244203028995,28.74939065729875,87.30221717757249,6.564822470207799,51.02413820246895,mungbean
18.647263645102278,39.74840341143902,22.01738273877257,28.669393912046466,83.58621581953591,7.111339190078631,35.52335294566833,mungbean
12.630926049979841,36.422034944441165,22.665273162216273,29.106322362341377,83.31352218736318,6.875662902207074,44.898430654898746,mungbean
30.250151656897373,46.35459156841765,19.122797278316654,29.804189746464903,82.508790998907,6.320447339996566,49.61357783148645,mungbean
38.77287249136715,44.44598034317967,15.620367636287815,28.0179158019287,85.05931654319558,6.361923006632214,51.4525554514123,mungbean
39.90997556040802,46.29348689953609,18.547285567302126,28.2021125005034,81.15146178395202,7.083273601426224,45.3706413880338,mungbean
15.490976456993653,51.492256823261854,19.420334209311235,28.94470040642354,80.61446290130787,7.013723343722227,58.512598821985065,mungbean
25.950615446375437,58.86414822147027,16.514323143699634,28.43224856844106,86.01806733945448,6.781736647421187,45.03654447722608,mungbean
13.523376374650455,38.17060056376047,18.917424505622783,27.487982445316455,87.34365676492219,6.40883093549459,36.46413263211335,mungbean
22.09464551268937,49.880743317985036,23.719130612805053,28.730944837253045,83.45480853723446,7.003011881526321,48.506972329685524,mungbean
3.1712113852476698,49.146264007831164,24.080185454216625,28.188937876494663,82.963258018998,6.343469457018021,38.78613804838393,mungbean
17.310859373672756,49.891995604038236,15.806154051696018,29.818705767075496,87.55133617445196,6.786623918283663,55.710966773474766,mungbean
3.2074702724845316,46.92097194332811,21.300931268616633,29.48595871835487,87.83469560049268,6.4770692497133995,58.5220042389801,mungbean
4.973833657234814,56.87834046552881,24.709402496046188,27.53146056966788,87.22066064203786,6.240285518777998,45.135570628478874,mungbean
20.651331967906962,49.51613064774085,24.359372482485597,29.016752061882585,84.81277951219236,7.0096750362658895,58.76332052386022,mungbean
0.8826459472916337,59.56303180640097,15.861321390636803,29.443160337806283,82.80334752551413,6.332179657753872,45.996390992845875,mungbean
25.758263177904542,44.52379612558688,15.545654082826989,28.79838341897615,89.02403276110675,6.583215365947252,40.408319440770676,mungbean
17.703093837312615,36.20906777621952,23.20487584480275,29.47902243285056,85.88000463429628,6.5531028889383895,54.99458411114458,mungbean
22.187480991534688,55.648307713750405,21.314587925830207,29.353216419638393,85.9856299321776,6.614141068215666,58.94864649815344,mungbean
21.644552995153788,50.12723796351346,17.204876394147494,28.87695236828183,85.71607649482944,6.384838397947025,36.48967743382859,mungbean
24.174372788590844,54.092306733758015,20.234013709220083,27.680317875958938,86.66521976693035,6.2801057266096025,46.045842620048866,mungbean
6.5346703359368075,39.611476276497086,17.022939491582036,28.160121171131934,80.51150205620398,6.597793440929099,47.79268617786752,mungbean
19.331771398653007,44.56960251007601,23.391466080707524,27.43598007726151,85.05696743781374,6.262041416956555,36.77889197194774,mungbean
22.954633987083852,49.150460622195524,23.78033512844457,28.67362102698022,89.5979102040485,6.24869484839993,37.450192119518526,mungbean
1.7626344628152557,39.6319212583385,20.41270110941678,28.936716544282284,80.45585157948669,7.145970889845599,56.05413441625953,mungbean
11.864499286283724,36.9296882556617,16.698870732190574,27.380833241264916,81.23283779298947,6.718561688665734,41.146186062335005,mungbean
14.325588661165778,59.73763333460806,21.84314248925345,29.846942001141002,81.42556555033116,6.5821394748325694,48.86829508205886,mungbean
3.0703224755495206,35.10468609069895,21.704343337969174,28.925458550404308,84.10788809999612,6.689644076032033,45.38607501480224,mungbean
0.9602017937955543,43.38429015543656,16.7708225539729,27.295272567304107,89.5672043388935,6.799359725042166,53.21640710591507,mungbean
12.6145497306447,44.82867823735038,17.369239938967233,27.290897012896274,81.79031637441584,6.997514045296486,51.93864512959439,mungbean
21.877155039419076,46.8772468216692,24.224342836561245,27.218204843336004,82.80600813237916,6.5499378535707145,54.560645305319696,mungbean
39.70058480647885,41.01676286892883,23.743073341370806,29.491868281295375,82.24657397641766,6.599332580199222,45.24182173231298,mungbean
39.12882674106233,39.52229753447246,22.99157971104782,28.00257814251933,87.30870345776161,6.620011004295663,49.4589940779135,mungbean
33.304470933045245,55.104139124597104,23.664231835397004,27.178851976033975,86.92050553039745,6.339987376721763,45.395464200460275,mungbean
21.94353660218754,45.06848711867077,20.196116758030076,29.989578926395858,81.35217313712855,6.875456045336426,44.90002415964038,mungbean
5.320391956293151,38.96841908435774,24.49273106245617,29.638804490135286,89.07041960415022,7.191532775827387,40.20788475021295,mungbean
14.217573494562469,51.73047574812166,19.838025398606472,28.255168600135,83.57811249335593,6.793780631943452,49.389835716002054,mungbean
6.458313362569603,46.79349593796098,20.5347177620985,28.71086081619417,82.10107192912352,6.942271392252287,35.62997737052674,mungbean
14.193274221726506,54.50531621339084,20.638929210554025,27.78348729753258,86.94953119343047,6.767390944156073,54.90609023640968,mungbean
29.401007447592935,50.25269805090586,19.88177675310814,27.39954637700257,82.61333017885384,6.619099472917085,49.98248217515972,mungbean
20.548314208612194,42.20461314898824,15.064643577897105,28.488717665702442,82.85625988562244,6.9346083007105355,35.59865663176209,mungbean
23.393112452231634,58.53685593765164,16.744092671114995,28.414948472251787,80.91421991817138,6.825681912261353,48.76329201490564,mungbean
16.294620968513293,48.03442553684353,23.965746584690102,27.5888829069332,80.22564511705347,7.061664884699101,49.427927059697666,mungbean
35.6263382184737,49.92363058532931,23.101610899597027,28.289020090065442,87.49859931288269,7.1130414668898565,49.30307409305516,mungbean
7.2314060224951815,41.71994037575495,16.986445768974058,27.7405710827872,83.06415449351036,6.755133786753189,49.699790736595816,mungbean
17.059989889674444,50.38551949552088,15.815749256113659,27.26336471117448,81.71829460357658,6.718077498040345,40.34986696745784,mungbean
11.331376139703092,45.00782090432485,23.118661240103798,27.04158640773858,86.49378820236622,6.868876531040685,54.96639450891591,mungbean
37.31011756241253,35.50344622373225,16.53783705513216,29.65851388216798,84.58518562187015,6.764590638933464,51.57568009307869,mungbean
27.162664179825494,58.293510082912704,24.969494174116697,29.160472382792822,82.87221209205151,7.079752402294344,36.23052286351904,mungbean
9.243234114979849,57.43464293659287,17.56191514439355,27.661953178865247,81.38125293140247,7.0591117576469165,47.50145647977717,mungbean
26.99572812216619,40.97665960187574,22.580404210112164,29.280016634886294,83.125980249083,6.610682633010283,40.24225693575502,mungbean
39.062440932916175,51.14006442646029,24.345438807155155,27.9101566308874,87.8189091299689,6.965858643884742,52.291391296663534,mungbean
38.62555901067202,44.838883402657885,16.307173235897572,29.015126577732183,87.29309800477206,6.7750605734588145,40.17044732833491,mungbean
20.178237666774216,42.804743414228234,19.27466528166689,28.93565572753399,87.45214742690834,6.432224690901343,45.133134016173834,mungbean
10.766462839665166,39.965790346546726,22.833872199958385,29.727758083310977,83.70232185684577,6.951278924373767,57.42488223411028,mungbean
33.84496842120926,39.57033471348065,24.562918815133614,28.130029321288387,83.39240661173837,6.26243132727778,47.154341352622076,mungbean
4.360544625637148,41.21349552318565,18.169426217672815,29.426478970475053,88.75488650395897,6.50246631746147,56.467453031114346,mungbean
34.28923749479164,54.11627375962183,16.466951140151814,29.070968540702186,89.45024064580569,6.882540478767157,43.290421227695845,mungbean
20.02317269723325,51.14312608377634,20.105704087285034,27.35985882519291,83.12064044652021,7.002396030553633,56.535451152387935,mungbean
5.492001308622809,58.809668809968116,18.28822617848609,28.98694121619216,87.51825145956681,7.011946234637883,58.64374255564825,mungbean
12.516781921152905,56.46266136378886,16.31686903436207,29.11512271906078,87.41977729513985,6.877723241201321,41.307868403378826,mungbean
34.921725880608136,39.22146158425988,15.536347915208308,29.152394971835736,84.75475715232734,7.049098019958676,44.58492852645647,mungbean
6.731143540308513,55.911054811746745,20.48909631640072,27.567587377171066,87.20383998586446,6.7111136384895005,50.107824556008,mungbean
18.435933528263277,55.717724595450164,23.2956271568305,29.128166465473157,81.05401377396463,7.0388538619040695,51.775324513322744,mungbean
27.88096664017198,44.07457101009679,23.792795561570067,29.17611480070457,81.12590466529194,6.607778034406163,57.159509049003546,mungbean
1.8878680678951598,59.03541549105124,21.791625683195626,28.89412793293013,82.70559256487991,6.448791788739177,58.55145548721489,mungbean
11.930898169364909,54.387632417974984,18.93121798207079,27.417762212354113,80.10715297695359,6.7442573370152505,59.394470463723316,mungbean
14.765447752368178,43.92980834982612,18.44091617849442,28.561631511914577,84.40664883424293,7.079914626727015,47.63801979308726,mungbean
20.310313527542753,38.45928986801391,24.827395409103858,27.74991867260649,80.73364067459603,6.863146248975209,49.884159253921815,mungbean
16.605826159709828,45.55480584701695,22.850639210464312,27.587137920298947,88.2025331894489,6.848747113895018,45.47424434448811,mungbean
18.321144663354744,41.41618017965239,22.52114332696975,28.538624226915804,83.20854542749844,6.79605011576095,59.89336130128308,mungbean
17.410491186262153,58.01728501946549,18.450168399245662,27.16419812077496,82.04242106368429,6.618695143327685,40.49087321486422,mungbean
0.0090815287302215,57.87503844368818,23.43879411230929,29.22687669446084,81.67814595646028,6.320363576209986,36.69011873680958,mungbean
28.961167550916848,58.22019901719713,19.305358209130368,27.357422015988146,85.12392820732107,6.548831907458631,44.37062310874994,mungbean
24.85322496622829,52.96795283155506,16.10603598873161,27.106770692419428,89.94330302685715,6.432728348915552,36.345763122711475,mungbean
7.595013163836799,35.973946158711605,18.918108946171717,29.407205353353973,83.41244449757721,6.6441834068783665,51.88966933918597,mungbean
20.35576280279521,56.53614215053311,23.660356750457566,27.029732086473462,87.78046306483199,6.660733600241674,59.72101353259158,mungbean
19.329283035017404,59.672398634707434,22.545693612057367,27.74581465383992,85.38394979286957,7.1921356394785825,56.43826519379809,mungbean
3.894675751648844,52.6592999202499,18.45579585870813,27.020946785641044,84.03480969027,6.434754421724971,55.47173176301179,mungbean
13.49322435383062,55.68809234884543,15.005979388347953,27.923457450078356,82.41165214307762,6.4335673610686115,36.70466549413657,mungbean
7.484970816420069,48.8887392471405,17.913610728377446,28.252184346987445,83.76866880347188,7.075904924999895,57.63247497526289,mungbean
19.718278866234403,43.25389875789011,16.068007040023637,29.860208638146286,80.60226944900297,6.4976502775682805,42.451655029250105,mungbean
12.816051445608597,39.10717108181023,22.831614309236972,27.367493585897968,86.34906659153162,6.323846026705818,36.763390939823914,mungbean
36.37718014743506,39.75321915796764,23.212501545597043,28.633892613321407,80.7785651960877,7.155448191438068,41.17402917479731,mungbean
34.38581381410426,39.220250144614106,23.53942882141853,27.039686438715883,85.11780456569481,6.969442579421557,58.36988793731958,mungbean
36.36808544825948,55.49062173869112,23.88191349661304,27.59765905751123,82.8418429571173,6.4889685249210585,44.42634827504247,mungbean
15.732826815407549,48.613883116366885,16.598797633664415,29.073739991357968,81.67566539304507,6.510308482104548,47.58362826515385,mungbean
31.85762246093909,53.486730830968185,21.45534356410522,27.46731978174051,85.47045345615578,6.287446501799885,44.43407941991627,mungbean
16.540661211598366,35.99528598614385,17.739880994699718,29.86694840179947,89.5363260782969,6.552327054252539,36.0775027237081,mungbean
7.163797573127262,44.8054448358385,24.4777969796923,27.423597190611556,87.63515843668212,6.308682539374693,59.531439434781916,mungbean
15.2646599643654,54.3808634724764,18.42591082811132,28.883006631476427,81.92016084740037,6.346021019296963,58.45160348920328,mungbean
36.70589111617734,57.186723505322064,21.254334501665934,29.424804633648833,80.69036936911375,6.534789041890679,42.842578118928905,mungbean
25.42581287810453,43.898944336766014,16.485067816436807,28.78940122624063,88.14383920669081,6.582123494459974,38.30671787746204,mungbean
7.867527892512922,40.9370826292346,17.998975929945363,28.92838521151893,86.00945484537719,6.896079861567039,44.06254961328783,mungbean
32.95990607519913,40.10219152889401,19.690407475181537,29.40281616462429,81.8015864773262,6.309863113740783,57.09209919219974,mungbean
13.717186510367835,52.0967531227258,15.253486042639384,29.070140665228347,83.1610131154697,6.255740853587442,50.245319038702924,mungbean
9.632152642926929,44.670181051297,15.805808122865136,27.441489753284834,82.97977235495844,6.289759500560157,57.77065661715788,mungbean
40.12094086367957,67.09650547160778,16.232474581325516,28.076790894779485,69.26059559818265,6.710202919256183,74.48748479577499,blackgram
44.11588753978843,73.53915271167074,20.46677264897312,33.84478727596759,65.53993255503131,7.194926984903201,62.931870005526,blackgram
43.32458724103317,77.91222877788786,18.278381988500342,28.72082254962896,67.59823658428388,6.94047052714965,74.28093669958504,blackgram
54.758555379976,69.9357310643355,23.808951605447525,25.496059083494828,62.570626921892085,7.104547234487183,63.404678092072814,blackgram
54.87810374604304,77.98020077634312,19.237701199309235,28.42132600111895,69.61550732137566,7.078308162675803,67.33572600673925,blackgram
47.03299744683811,77.73871182530345,20.68955483281851,32.621745871816444,68.11806718350886,6.944403754492436,66.5054149698057,blackgram
56.96943548812529,64.08138379189526,22.939351334518513,34.40992322574437,66.23210373068007,7.464115473687455,72.07645968061702,blackgram
56.90079297793285,64.87633344641989,15.512634591759982,29.018762712367394,66.7375622978409,7.085455501515031,71.23444726290597,blackgram
47.13964858937328,70.86860352760074,16.864198048539745,32.49369436644957,65.45695968813025,6.765283705110581,64.3786676024671,blackgram
54.972174171636645,67.06503089153802,17.160314403930723,34.672711903702975,67.15125019816888,7.744275282301735,66.40657568040515,blackgram
49.50200681383441,77.44888040462548,20.25049340245385,32.07278911905667,62.5217287749553,7.080744409313432,61.85174798715533,blackgram
44.119600717539235,55.02358538169078,15.392650516486603,34.77283823176929,62.42353695136762,7.362303922355203,72.58649548199418,blackgram
51.01320918473128,58.828612502098906,22.281164373361662,31.002514100995832,67.31250589347376,7.500670609714213,74.63115551527117,blackgram
51.471265600534196,63.54102781726505,21.48464556900237,25.684407092426262,68.97397318321586,6.655195314739656,64.91764256828728,blackgram
56.31490761252242,69.9328094582678,18.936355202774422,29.734356593750213,68.5454739320218,6.94200570187786,73.04474527218257,blackgram
41.76268861953383,74.41996093021577,23.475476330547366,26.81817652837339,64.30346532372201,6.715149707062753,70.59906193491327,blackgram
50.706955361233135,70.88308366770802,16.964869669562113,27.117458620524197,60.41497325509906,6.918687795754448,68.39616992000512,blackgram
57.15869827994658,71.67318618646702,19.353963233997515,34.531201143941374,67.19245200575831,7.709214763721315,67.91381959908249,blackgram
45.17808549586279,56.32066715911805,22.260848514838507,26.213029980055342,63.02775128271967,7.192212180249067,68.46624881669621,blackgram
52.01166393974272,59.156383258742515,18.797374048216486,31.171942271169666,69.69818864633785,7.445920479009596,73.83905635640937,blackgram
55.244241166283544,69.79292422231,16.920233691363446,31.66685651892513,66.23379565959907,7.283209921594446,67.3467880198236,blackgram
50.57313207978551,63.3610631779526,20.193126926423034,26.975559056784782,68.05174397360376,6.74151004110832,61.274494348341996,blackgram
48.72492052714315,71.45768598765154,19.377168249335412,27.767541319513086,65.58171183890441,6.951103036035859,73.9930153518995,blackgram
58.45290279207144,67.55929549930238,18.278839940182586,32.37132413956639,60.367129434830666,7.117199707856747,65.044850914055,blackgram
58.410717702051095,55.30007568181706,20.52814875718349,32.40663581066626,64.85017987524041,6.611023939211538,74.58692085041854,blackgram
50.360208627521956,70.35465610797529,17.366097827075073,29.83498085106804,64.29149491958322,6.5973645946025785,61.59240530321201,blackgram
56.74945039237549,60.99549880516476,16.949582714986306,30.049114512501394,67.68747131362512,6.580530474152685,68.65211879457384,blackgram
42.38420885681147,55.911526270640465,15.527439521622174,33.341641082084415,61.17972483628061,6.55869677373598,66.56849830714368,blackgram
56.879869438840494,61.560209412232545,19.217126175259164,25.399225325637513,64.49078514134877,7.250897004828274,68.56360580628217,blackgram
46.6485338434873,62.88832951657839,16.06623618936598,28.667983206462683,60.99494668872965,7.496574728125667,74.49411446622278,blackgram
59.40148913333414,76.62677748438485,21.00792149339619,32.0086569724388,62.852058026804144,7.320001546224407,66.83474324159816,blackgram
49.64034679553865,73.94441400937895,17.819183555972515,28.1803961169452,69.24641791128637,6.5730915833062635,67.2845144762001,blackgram
58.25601600815723,70.25907519545393,20.464070742121322,27.49744179229355,63.43275489064448,7.607662940546101,68.38827197652687,blackgram
50.2948438751356,57.48949283850072,15.160281564551232,34.63685188687049,63.769861672868416,7.284176980729356,61.19572609780928,blackgram
53.662285714460936,78.31416771764903,20.756652529974197,26.261153223754107,65.81721527473476,7.496251377036048,66.09624804861028,blackgram
57.59675495882936,71.21707383393411,23.992489182892026,31.235053112473373,61.312879720048244,6.902599224436746,63.02692422378686,blackgram
58.17652995433725,74.01000168218707,21.76398368910006,28.009663196316218,61.840447720502134,7.483386414385585,67.1123691881862,blackgram
44.515791043012584,70.41554945413188,15.40333852138452,28.261702541282535,64.68556994591134,6.692345834342228,74.7698171638626,blackgram
44.181947291792284,58.25882825108164,17.035348738868965,32.69061133159724,64.25505659271843,7.235040721678299,60.31513735479541,blackgram
40.68862617146629,66.1456387456754,23.166552432016235,33.852388787075654,60.867065675956404,7.19987203273133,73.69844529418906,blackgram
47.759455087957726,75.73914578570921,16.33695654399436,34.35394489667799,67.51423317531302,7.723734710622972,70.1492585032876,blackgram
47.26807863998854,78.45452931311806,17.755667763091786,28.321725220617324,67.0080841800174,7.494911189383002,73.94105225773731,blackgram
44.09604818112419,74.9499508804806,22.385460533969635,25.63794556253598,63.87223141210207,6.867595094178128,64.56735636531046,blackgram
59.658937591094016,71.0694353369982,22.176761577934997,34.76617637315009,63.77201782457639,7.542392218988647,66.51796444956743,blackgram
57.39067343629959,59.51643853278258,24.476861770642795,27.187717084108797,63.26220506980931,7.483049904338815,65.9063271234811,blackgram
52.16422753532893,66.11433752673571,22.42369937089782,27.283312523686106,60.58457987236877,6.889908216714986,67.11462997302645,blackgram
43.36040104385357,63.869932241409714,18.999830182935685,25.573918436882735,65.83307248184204,7.649646456362674,62.27614369429578,blackgram
51.95616026803028,71.61848012277116,19.193346804192885,32.0109758736427,64.10731543491012,7.1560284743706655,60.110295668316404,blackgram
53.83440228269377,71.53356697361811,15.384008773263446,28.68250107395133,69.79031840791667,7.046957531339202,67.52918107697762,blackgram
58.19860316319437,72.93154689664391,20.820701311242235,32.97804681341073,68.64366266455973,7.093954493258447,67.12662547397753,blackgram
47.72101871303671,79.16765350046151,21.971662542903502,25.832230662080722,68.62959623313019,7.124727923087148,61.03130859633731,blackgram
50.99434510326622,65.42910697439255,23.77749404862625,27.039946036093873,68.26464609492183,7.224995298541089,60.819154548202036,blackgram
59.43690602650969,67.81538110258,17.908768542315826,29.69406841989258,68.57857783517488,6.896374061700582,62.8901459473005,blackgram
42.58142493861763,62.44648495975528,22.800480870400435,29.716263651952616,62.2748160369354,6.716040499492674,64.99094214765569,blackgram
58.798487457714174,63.57566781475061,24.88124075954635,29.85230455765356,61.791639182901505,7.658482119331562,66.9053305970224,blackgram
54.19342687009049,79.5927895802288,15.50175350319974,25.96694559787567,67.20456741462756,6.866372504284113,62.76452095425149,blackgram
40.78723759639459,55.546167799655045,22.74485603119791,26.3443342736955,64.6772061597115,7.287665859733328,66.42527700853269,blackgram
40.542133046724665,74.58753756469773,15.105132245416534,32.61889894377484,68.93304493788122,7.062691897374324,68.03313709646697,blackgram
49.53966785235308,64.73021546558597,23.874245353703603,33.93933510669991,63.35816364641535,7.299590680219107,73.90361343218797,blackgram
59.24116997882703,67.72397601055118,19.528248052843267,27.786943159285258,69.5887187319041,6.685658595814727,68.69744364071587,blackgram
45.65100535037278,61.975207258694915,19.049685873761884,34.98792935815655,60.54966306839822,7.252104363664591,61.23858237052916,blackgram
43.09041659981038,65.98907354432247,20.104601313464414,27.58792408364524,63.164571308744165,6.613057126332713,64.54829675766376,blackgram
59.33116878761088,78.61768454181204,18.34878290136985,30.708539362787615,69.09595391110945,6.508038969433166,72.16025355506387,blackgram
58.96739105577838,57.283143358338926,16.614476860329212,34.60746302771355,65.37540143640346,6.518455624813241,63.86447998145294,blackgram
48.99887348537719,72.32272277561918,22.331603781367996,34.954215129254564,62.87511199383759,7.199686132429018,67.99985321789407,blackgram
48.11290518894475,59.229047346060504,24.774565631838428,33.53317186666586,64.98333028294238,7.284219049489239,63.40891580339493,blackgram
50.87574140783494,72.3742533280369,20.15167028386589,34.902851705849415,66.11341656247725,6.98226582636982,71.58228041423757,blackgram
43.40925023163284,64.61289534265666,18.469589503775858,29.31807095107777,67.81779825928726,7.129424941812429,71.91021675398945,blackgram
51.52977806279732,63.55173586643888,23.099787436834724,27.382896705530918,62.243829797997954,7.155853801271286,63.912738689431336,blackgram
40.181740699024324,71.20743818247004,20.11093821472398,29.45517814493161,69.66968514618316,7.242558939151788,72.95147366684077,blackgram
42.7890047241032,69.2301615782357,23.67979626730903,30.83105757279898,67.18014178127001,6.983656638155869,61.386742755556,blackgram
49.15800590254143,64.86198477097143,23.670601823789475,27.439953023524723,69.66734227535107,7.745579555745845,63.71447464607158,blackgram
46.96103910954641,77.38889352184712,24.666222208961074,29.43439102836044,63.20997045640898,7.183922217227004,70.31653809548602,blackgram
45.4694903074996,73.41182936547682,15.51657357114641,25.492944927644164,63.862877051455456,6.9595151496789365,64.73449823050728,blackgram
49.8203952533782,63.01833955778928,16.92257918468092,28.09469549088601,69.74904272810235,7.034447442093303,66.67069165287504,blackgram
51.5308997990228,79.58351921035566,17.41601276435763,31.81282110532434,67.15984693541724,7.289521741830986,61.32867509454966,blackgram
53.53744551655153,56.60236777590438,20.96142649549897,32.39581177221743,62.109698906199505,7.594108609805606,60.45530708299506,blackgram
56.87625727316612,66.50822626606913,17.175879399316443,26.33778144993968,69.53307167582372,6.594465263855504,62.98640129903889,blackgram
46.95644694866092,70.50587122402801,20.448010852760984,26.25643492412314,62.89727983738214,6.8103773024118315,63.20314281735512,blackgram
48.22288672959974,72.60078631479142,17.17452932217236,28.666788797029813,63.909174268411626,7.769393488266033,74.31999535318603,blackgram
56.00275165504152,61.04147302047963,15.680373140916696,28.16904137720625,62.66794549433831,7.157703540190312,71.6659186510169,blackgram
57.16645877757716,76.12160213526272,18.596755612230677,31.87234343460683,63.1283419752422,6.579177206205737,70.52347898404413,blackgram
40.19655105139576,65.22956468646221,18.293792693020755,31.933775385188525,67.66245472760379,6.895323026762669,72.1744052166728,blackgram
45.878335210098676,66.15815899966402,22.27018527014134,31.929202292247886,69.873684723122,6.792709331480712,69.93476870309374,blackgram
52.19363816551555,77.87746136225076,16.56362141644875,32.51798163586933,65.68268616268769,6.857065630724277,67.11652371220761,blackgram
46.67553194139596,69.48283506971153,23.890006108146657,30.693049844122022,66.31722418326584,7.174372201249122,60.767482596682136,blackgram
44.657171137521885,67.30004323580206,18.102352837447047,26.817635977611943,65.04132841918438,6.919652731482206,63.87161464760122,blackgram
49.27970834880762,58.332106452054326,24.277457330754075,33.67702097919239,67.07620585740536,6.638077975864993,71.6381588170454,blackgram
56.15914656218038,74.19411544285845,16.139658871192413,31.43907957067765,68.34324795749399,7.250559421585568,69.69611062842134,blackgram
49.167269588526125,68.21768299710132,15.343768583517253,31.389630219732844,60.81447212891159,7.06551897264229,64.38982646501111,blackgram
50.90855900423426,58.335408388080175,21.91643401973318,32.9501153692847,61.633544497431565,6.635607013557447,62.182732241810385,blackgram
57.54255123797003,68.2047315439089,19.672609960075025,26.067118191023543,66.49556006756961,7.628399469463616,72.4227880398518,blackgram
52.52109417961603,56.88196791629184,16.12397027176013,25.493089871098245,62.574792164924695,6.676359907308491,63.90072060378651,blackgram
47.70116111437923,78.57456960177839,21.103760597816922,33.34973785682962,67.10351500712332,6.6462540696846215,71.03880609560923,blackgram
45.50197763118249,70.97769617486766,18.409619736429885,34.97672263264659,62.635514794967776,6.86286961200655,73.96008383343597,blackgram
40.49288809272645,72.41722469682992,22.253263907358782,33.363785774103995,69.74439310638475,7.768282494903648,60.97915136349696,blackgram
56.436786455058055,71.15774834143454,21.473421343730912,26.283499266146947,66.50187166445653,7.777227354781622,73.6772785430917,blackgram
48.78261321609701,55.998699332152356,18.622934900002047,33.26390311600555,67.01499101465166,7.097146752272144,60.826523027382464,blackgram
48.53789455646606,66.7256234929471,24.28555532894136,31.410861035821593,63.11652916654649,7.182913743785938,60.9908296173324,blackgram
59.45136471299473,64.00149754826815,19.77867354913136,28.552839742369226,66.825117301162,7.360901805828471,70.72983465793703,blackgram
15.362864592238417,62.89171202910165,16.25251231096208,25.866119662153352,60.397971273356525,7.035596437494572,52.39391769703268,lentil
27.81664296579267,66.22594400924905,19.59303688213074,18.92363019609621,66.70765025443036,7.460392898708406,39.89310109209426,lentil
18.426017632667293,75.97098341913176,23.77120467662288,20.91815976317071,65.50570634541364,6.265736986208072,37.03757528279113,lentil
28.22241002783915,75.51268760580272,22.60034901803174,18.585195825757687,68.43728792710257,6.732283744220229,41.847902465917194,lentil
20.92952722050753,57.283831068088894,22.56646549352399,24.98922092265955,61.86590096873167,6.257641179561187,38.68497303145348,lentil
11.14004775103868,69.69496123429212,23.403481775885083,18.209978567848662,60.490046449712736,6.988263525705197,51.38991370772105,lentil
16.53477781137267,63.740359970193055,20.96346497496776,21.290554669489765,60.26608366077684,7.296934184393033,47.512998258829064,lentil
21.615119981113182,73.54210322479558,21.752308375620373,20.470583858139854,63.52481046943351,6.139609269189388,37.59714026835762,lentil
23.523914927130782,76.46500267456246,24.62732583861139,25.540165410593332,61.84101323360957,6.100735656352969,51.257019430735156,lentil
21.575129527199984,70.457125525343,22.814620887547093,26.439326732789418,68.34458252856096,6.00680642037377,49.9504127349301,lentil
27.01705514644191,62.153376061457855,21.40447273993253,21.769944766043665,69.57971066482455,5.963504787627458,46.5958568766591,lentil
13.330070940990302,72.80550512942897,16.75890283418662,20.82459914278029,64.94370811045758,7.638186404994068,39.23428744295941,lentil
12.884800422362071,73.97442079635077,20.00619532333931,28.941421348581258,61.466145571598425,7.127262996743775,39.6575829230363,lentil
13.135208573032786,72.08573537893176,20.936846199087334,27.057929500347974,63.094625764461824,6.751146147126161,43.10943352660837,lentil
29.681789279330285,62.3062239184847,17.948172383467668,22.25457850594329,65.64594081290322,6.379413214101116,53.305798807585475,lentil
15.31371129732527,77.39539328900487,16.034750636465848,25.878752428795828,69.06985518438243,6.220623932956636,54.3665392019851,lentil
19.057667208310235,78.64287771102562,21.768200436300468,21.61904243848262,61.88302524917106,6.477096587827689,36.8603481852535,lentil
12.877359326866596,57.61651100866203,19.229435437415578,27.546940515091038,61.413835542163405,6.147608823027438,47.86857899034661,lentil
13.943659639361325,57.44025095272479,16.668485782055775,29.084776750521314,68.2147125277619,6.572722668474679,48.11641534654785,lentil
20.74551347336076,71.9281065870641,21.826711524627594,25.544808180719915,62.661013685373085,5.974112199449355,44.11133563980218,lentil
27.819477693814076,69.2374314629644,23.32391041701908,29.899492115534738,61.63616204138276,7.214377514369766,48.48587147400049,lentil
29.59910894716557,79.64001834882,21.866786117241297,20.92337750378633,67.98555838130599,6.103355355000973,50.61398608343257,lentil
28.20392248289393,64.57083486921088,21.306352949830803,23.161712785161917,64.37765054988128,6.489704689305428,50.24259240900649,lentil
28.723531283330104,78.51877148086153,16.747812848749337,28.496923795878793,67.37431441427123,6.38039106131155,36.34569225843029,lentil
15.35994533768756,77.80520591953814,21.33178674895772,26.65265593077446,62.57152351109096,7.266837495592158,35.56243012555848,lentil
17.506426915460274,70.66883371355829,16.4609656554132,27.876042893363216,62.350312988119185,7.139334114355048,43.103942851506595,lentil
21.920871909552943,57.686263815722704,15.169127999216073,28.914773128563613,62.69630008767183,7.457386305282872,54.987006009444,lentil
14.228625159978224,61.62926852958389,21.628597876346657,29.585383615207455,69.15814348190744,6.855463488124611,50.9022056505345,lentil
12.71491706199802,79.4359546051003,24.643532340359865,19.964747494550053,62.99423124803106,6.0902944952628575,40.434351977963594,lentil
26.31911578830413,64.45789017913148,15.883969671467584,22.106706297346854,69.8138333424128,7.096398830992485,43.323218928123154,lentil
13.3307702699454,79.65441993209237,23.208490092631287,21.377727629411034,60.70068695721189,6.0075885590173606,37.40756299011068,lentil
21.615371672288433,78.2190855301373,19.967434280059845,28.115345789474368,64.45886619859807,7.246308736958868,49.63745474573002,lentil
13.479274118066773,64.03040147439529,21.37302156538024,18.848359298212394,63.615401877629566,6.916118985934266,54.92448986089278,lentil
19.490671252448813,75.40141892785809,19.320672850666178,27.556688671436508,65.95414801620109,7.584531338854557,43.2188510470022,lentil
22.086088396429577,70.75046701547069,19.173829418004733,19.731744524249777,60.935594069123354,5.931675946139303,52.47068528490429,lentil
14.729498244773891,60.2876687320442,22.360354004260657,21.8401933570487,65.06044692411837,6.208771024065167,54.19491442923939,lentil
27.031628000344746,76.59474057412508,19.067737485720052,27.148334564486074,61.4387615538978,5.916376104924383,35.399458651560565,lentil
21.73203474809121,66.38487263119852,20.1801534890852,18.089557685006632,64.22686619657426,7.264329506281635,43.85387403934872,lentil
24.644384126244447,60.82547410992087,23.131420044817254,25.061174885441428,62.107630994299065,6.349768904122283,47.56060929139074,lentil
26.598791864248867,65.39069455072888,17.583004291275923,28.404139282927204,66.69268291750835,6.751362425837845,44.75800390558604,lentil
14.085129358727928,70.6700657516211,18.587425105428885,29.94774212009219,64.80183515261888,6.823182651760265,46.31703574821344,lentil
28.335120062374934,75.02045249649376,19.511300697978413,26.624391191673553,65.86235498780762,6.835497392532373,38.84631545568701,lentil
19.27872526909782,61.14546467556437,24.148421498516548,22.024881761956163,69.52264014533372,6.9128050511799515,47.63088757352321,lentil
20.858808889786555,58.234515424167526,18.75821219007941,19.189753347331486,66.22954044183382,6.749060970880834,50.559699431418736,lentil
14.409409619987397,59.114151460733375,19.063322309637677,29.119024598620573,67.10421815012411,6.695954887106546,45.34544339508621,lentil
11.684260223541967,79.61439740940283,21.66407304694919,21.42484882156107,65.85808394215245,6.108016495531089,54.316733376151674,lentil
13.49569975766732,71.20075795138035,17.454544625389303,26.610736591782427,67.76821367240281,7.179497484931722,47.28998920510385,lentil
27.849381879040234,56.96566777474395,18.30914765780195,20.97944975557015,69.88013962065422,6.63984058136706,49.65225398480797,lentil
23.694503277620093,60.30203093693444,17.389976802115513,21.37541476263641,64.11127278259379,6.3452176247360015,35.39302965493695,lentil
27.58786113614391,79.14024578452211,18.41570387031568,22.062082553105675,60.07091812774371,7.192476307827711,51.508797914972575,lentil
12.932166007200063,58.99165873417877,22.900832499714376,25.395488980249738,60.44860557627717,7.082839281878336,41.17835445687532,lentil
17.37450310941692,74.243285457422,23.109351926726106,22.80427952207797,69.47152936006354,6.672279164108938,50.436720704602195,lentil
19.67754529128518,77.4383081630521,24.077612436501788,19.049001694453008,69.36493331310226,7.468516198888789,50.82621428625334,lentil
14.018226793710449,75.12798021886663,23.501327346850367,21.46980401344981,69.52260078362323,5.994734278158412,37.998185064942795,lentil
20.751622761030287,69.39481177805774,21.451500833009035,18.203629551785596,69.6036677462213,5.984717376194874,37.86123905446805,lentil
10.28029035052114,69.17146083235237,24.322668839209722,25.99136599296557,68.22657468480428,5.925234286571302,45.840305969594525,lentil
19.191259550110438,67.47419860551983,15.722131853351879,26.21322433283169,65.03220414858635,7.353782814736402,44.705812681234306,lentil
12.987632724528641,71.20642385194554,16.723863621051663,28.468734760257778,66.13116239069241,6.198687378758214,54.246761149624135,lentil
20.367309266706414,56.822461296791374,21.268329044150672,21.038386884153724,68.03693451877302,7.453861939775762,54.578947117093236,lentil
20.037390620490072,66.37392199319343,22.534756054464808,19.58964787610312,65.46915513793124,6.937870440248616,36.789462456207744,lentil
18.359681710138272,76.33211996418005,23.561536219946603,19.19085197903617,60.90720882747831,6.399121406303677,52.49532125107987,lentil
12.57805170146998,72.99992006568615,16.01165619613103,25.477654244973905,63.560672991191446,7.398936529635147,39.673808976507274,lentil
22.784036587799196,60.892063364397124,22.136602831121536,28.484136414728987,61.2680179912676,7.546531808331457,46.87150508828596,lentil
12.54220981734048,65.6885463839928,16.60860293485098,26.404174666398834,67.58868134417949,6.101013388518318,45.12279705389289,lentil
26.292501120518345,78.40407603877492,20.1351786674177,29.403350683336885,65.3568897045603,6.648961939739825,51.96406257105791,lentil
19.859654209161782,66.79756276411308,19.903124894098283,28.161420022436943,68.31941541688052,6.666687985636401,41.6659971974105,lentil
19.838560480782586,69.31931274342773,17.38337210627997,27.52746101658709,64.86482765732423,6.534686541997924,37.13641985927981,lentil
14.776903208072138,78.73202929389959,18.050996868195266,20.026311472404423,64.60672791654993,6.483466712384473,35.70318500542388,lentil
16.462904345588345,68.60271559848671,20.51712372019967,22.278707054122663,64.473027562526,7.734484044646056,42.546969544606235,lentil
15.16453626519966,61.086676101669,19.57764612704134,27.11424178460333,62.05988184188473,7.247662641567459,35.42299646698832,lentil
18.378659559678923,74.39662663006968,18.387329557744316,24.764845217344792,62.04979232825911,7.309791243139728,36.04558206537519,lentil
27.05085289751001,59.9549096605417,23.743980317083306,22.230350895606207,67.22683574474486,6.506528065793758,53.11823342469295,lentil
12.532742510367488,59.462994731814966,19.930301251588023,18.983261268457753,61.959801847017616,7.693156126202827,54.52979322295774,lentil
17.525186586608438,78.0821505253484,20.448246756734317,21.236909590485205,67.02398721080598,7.151913432492229,54.78250638217467,lentil
15.300945748185665,71.80148756654339,15.52023755029447,19.363752464360633,60.03918374951093,7.7989752940133785,51.045473942949556,lentil
25.734460294670818,67.74315188220449,18.0006708290544,19.81517141355211,62.846747388464635,6.614345321665365,50.12620193960588,lentil
20.79323577806305,56.93709066388707,15.180290089589123,19.227986154408757,64.10498713697379,7.673066542393134,47.74804962418443,lentil
26.036517997510302,66.65936486261371,18.616660831950426,19.300804472599474,68.75933022186204,7.388004055153015,38.362361951954504,lentil
20.24521127752521,67.18437019803112,21.250915526865285,29.354242727895134,65.7977144176248,6.926412806879375,36.006458658693276,lentil
11.25814952036048,59.68366978316972,15.324707716917484,26.920234746840148,67.23330303993963,6.1585068454201215,51.72157801590562,lentil
13.095720696922239,62.52938967493397,17.48976899161365,22.467685182876572,62.54663765889962,6.829006760233059,43.14815762709371,lentil
29.73138981558653,56.39815875320564,16.421813763873516,18.63391072690323,66.25841194982375,6.003567627086068,51.72879474752247,lentil
20.238772613638556,68.17519061453834,20.615945077121943,20.04976447567453,61.97690303114488,6.505752913458709,46.869928316437026,lentil
14.202355518804291,57.90829317833153,24.70116886418432,18.263781777715476,68.02697405336022,7.397266784192542,40.944282276901916,lentil
12.712532320146268,58.64071616763559,21.974316172371925,25.713679093034084,67.82745674251387,7.681214227558298,48.83854726533184,lentil
13.11703073102887,61.08606541913527,23.421937308731145,20.511672910010503,60.72522316954481,7.236232102680276,43.05052710980284,lentil
28.400801050918073,71.25637677734154,15.904189777916608,29.37427880704393,62.58557263640246,6.540703731771943,43.04520827367084,lentil
11.024485928086264,67.41288555576511,16.23318491075292,22.81164392026022,63.50709787992084,7.368396158510357,51.06341023265462,lentil
13.06825764778176,64.16377968448066,18.733531610318316,19.816925327233022,67.98453505051191,7.243733823837304,38.80763572594069,lentil
17.33443817187598,57.64512562141286,21.28206597093044,19.456463094583437,69.85934168624918,7.383295941906939,42.8047709916799,lentil
21.57127864558709,77.78354540541022,20.54099280395826,20.093981836775463,63.78703355581159,7.501975243556516,47.88426031979236,lentil
23.014487686676006,76.67053714221223,23.939730574625045,29.037510861353233,60.94849193253156,6.933839403729892,49.81019042436637,lentil
25.138536902540274,70.1679050492501,16.667873351836743,27.56904664729997,67.20111333514946,6.063657965943169,44.276196493487525,lentil
13.479547990436071,63.4369261428243,15.180810922056855,22.8039584209291,65.4987692115621,7.077206926371465,48.2698069025742,lentil
26.7258262620492,60.38657268189325,16.20481822438468,28.218446062775108,61.5661281489265,7.752044154538771,51.85076458797274,lentil
20.017532117791983,79.53553562305063,15.973767291080042,21.63678913410122,66.38224415040611,6.56501305009904,53.56745103961583,lentil
11.31252176355635,68.73529580152412,20.908662673951145,25.83273748532669,62.55666223331814,6.592676212287743,51.87361059329955,lentil
13.898855379403196,75.67169617933405,20.626554229027423,27.146250134328987,67.13607366263471,6.294271841231271,46.37625472867746,lentil
27.35446305610185,65.80290592004823,24.665907702233167,23.426581201220618,61.427856366678846,6.63992589214758,54.03404812781074,lentil
16.394416986797083,76.70245399667657,23.812506816818896,22.202238291983534,60.83257658050632,7.276660027401754,41.23024598027972,lentil
33.48770842772717,18.853096965208664,39.85266742342621,23.445365847239756,88.82363331061627,6.253316487048955,103.76190468769622,pomegranate
21.020215458318397,20.518931538029186,43.0879944450115,20.53237818345796,90.24254720537736,6.640236453252422,102.69439446303655,pomegranate
18.325684147071776,28.668262540469097,42.235345733310886,22.040306733563163,91.47720054420611,5.549809053275811,106.18102965561697,pomegranate
25.285266196726056,20.91499359558871,38.594238268308175,18.570317283990594,86.93339233612052,7.1162660124615424,104.08699562270934,pomegranate
24.000494674925925,11.054195797068779,35.3756622954398,23.020270129327304,90.38094664121111,6.364800173167653,102.43124530422669,pomegranate
32.34252194889767,13.364731582169838,36.8993474366102,21.224985199437928,87.86279862111941,5.920687068096349,106.45237644553332,pomegranate
29.529152356556335,26.490341395998584,39.177085669729756,18.511595637183053,87.73666384921458,7.166009287434589,105.96258575232702,pomegranate
31.29211254403061,10.14715659250829,40.18205732182521,18.26270060272262,90.69230212091448,7.065310444381328,109.68419130500408,pomegranate
26.216580261667726,19.16409610504432,44.45017094248494,22.715268823976864,85.64899279538409,6.291733482034746,102.40245018464304,pomegranate
24.094129643460448,19.109311440127236,40.82144802814742,20.49739343244476,86.64270449455928,6.356323038802926,108.30202884345762,pomegranate
29.92036684202807,16.767357318504317,44.35523022758857,24.385452998744277,87.09348399384099,5.567009894704617,107.41308708350762,pomegranate
34.828307840474594,29.357291319027105,43.89836394088311,22.203743377444905,90.30052339212381,5.5473297871463965,102.46656446844779,pomegranate
23.788442551987792,22.570078001671355,40.57251833318411,23.198451927771835,87.79766930887041,6.460419433009204,100.88142243390791,pomegranate
22.40996570749621,25.00321665909202,41.93400853429044,24.934499160205252,87.77891125987756,6.346921808595765,103.29530413773996,pomegranate
23.218093421775244,27.139002597387762,41.84209075188487,24.177088339433073,87.03511108331887,6.984713900330445,100.59762274178384,pomegranate
36.65797841311458,16.58147558921456,38.14587633414067,21.584620036890648,94.40690187723231,5.581228319958389,103.52230975070745,pomegranate
35.69715966050008,17.921089548709332,36.99156897597067,20.973559269319882,88.8555250149167,7.0562075424933965,107.61934375743097,pomegranate
25.153466672320192,29.767411334431422,39.65277531275923,18.407664815741928,87.62274321814985,6.241319816372831,101.5690262414612,pomegranate
38.42695378972129,25.33697795635546,37.682872004277726,22.135631734625413,92.21449157109572,7.100174179141557,108.81635349175411,pomegranate
25.455766784146412,25.493052395860353,40.62144753827585,21.868927230318782,86.14741958338192,5.7144340186274585,105.29533615022457,pomegranate
18.065846349370197,10.420738049209373,42.228392039002124,18.227406176831156,90.95276841104055,6.416629450016434,109.68814690577804,pomegranate
24.52639418042925,11.272028727555947,40.51687967806462,23.88767319431271,94.9684928428144,6.231583395271423,103.20298742496743,pomegranate
37.19959890855996,13.824842581522427,41.15428915032926,20.840000969266633,85.41082364955555,6.0903904063196865,102.65228522502674,pomegranate
30.582734618304606,28.975809953838365,37.680471873786374,23.680261574061774,85.55359816938409,6.414805717067683,100.70550063709895,pomegranate
38.02098973391918,25.327025611147803,41.57949911204592,23.76727467137265,91.47519795570163,7.147205475196295,107.13957947864772,pomegranate
37.7397582874674,20.34263784021276,36.170644129818626,21.69724404996112,86.26872828063094,6.507238914599888,104.82493060527663,pomegranate
28.677261934983452,10.200939621096632,36.94840491655364,21.439313023384916,94.50503561589134,6.152135368603769,104.24372026053635,pomegranate
31.440882670198665,22.07585514572236,37.98926150098333,20.875714768971996,87.17699798857232,7.142236480521355,101.3063438155736,pomegranate
21.155103536992584,10.516779444400225,37.21779491933546,23.463297968661085,87.0117523228888,5.6361077842992415,104.74453179844524,pomegranate
10.299077042035554,11.695323088526663,43.07625869562975,23.400313414017244,94.15138820404896,6.952676241048274,106.83175563239818,pomegranate
11.569985719019884,25.65697235973315,43.455108108405604,23.59357502040368,90.08479035308027,5.8959331257041185,108.45329975688726,pomegranate
31.814884292204155,29.61522348777703,36.55692597755933,19.579652081364387,87.11798149881503,6.847317604956272,101.86907296450119,pomegranate
11.999794894699182,29.971216131712573,35.24817211445149,23.84670842111206,88.65366841550653,6.930746281588286,105.54620491211145,pomegranate
37.0489368845908,28.523859728292532,35.09098181280776,18.52788523194952,87.50358729570856,6.637836207817953,108.88272196511505,pomegranate
23.798258538818885,22.139462325485308,36.88499852795561,23.634767837171797,94.6732811135347,5.956618185954816,104.94825951600546,pomegranate
12.583483315191213,21.18273312925937,40.0278344184668,19.01105538908554,89.42066213118075,6.0679779085471575,105.2183087530519,pomegranate
27.569630062863975,10.16991157214419,42.610059829495555,22.991100043032183,88.66286386206522,5.589991090466991,107.54932539785051,pomegranate
38.65525481434398,14.803031920440283,38.23524613737038,19.286690226372706,90.7693612334484,5.763230370900674,103.56193943461379,pomegranate
30.910390418027887,21.202319660186966,38.86462564327935,20.941747212652793,90.6211088262323,5.509970037408174,100.7850986845361,pomegranate
36.43774203289035,11.557579781825815,42.06803596210505,24.44026714876337,87.7068360430173,6.129835443001174,105.68921405844716,pomegranate
36.45126908915754,28.838111745208405,42.39563248111268,18.606338325982858,91.69154155534851,6.197516327183526,104.70700999491062,pomegranate
11.47445171035531,13.821242786927163,42.90513607533648,21.177711831335017,88.01662241631149,6.152832425740429,108.5439951332568,pomegranate
32.46997052214871,15.446307943621655,36.17501840212373,19.763987551508503,94.20756451054734,6.488701024344584,105.33480208744783,pomegranate
27.891807990773845,17.320565314930306,43.07107020319513,21.663003745101747,86.16747902768796,5.719410712209407,105.36859146502619,pomegranate
38.097106542125175,16.167042433523974,43.69541168859218,23.348669106052157,87.47812442906907,5.5617792721376125,101.01847265142382,pomegranate
31.854818015423206,13.993394760812933,38.71270920505394,21.511894162044975,92.25468168450163,5.6924930795405135,104.06366405277461,pomegranate
24.55218727428086,20.816541279430794,43.18360641395216,19.20174736530252,93.07831451826623,6.677893327084309,105.5587081419896,pomegranate
30.98583611207716,18.240354779033126,36.38397585968124,22.66035668185757,90.24672306685622,6.5869371609227185,103.3799878102849,pomegranate
37.20599732019508,21.74739737151154,35.854024842908736,21.148627934931,92.56356054743634,6.850028754944863,104.94597052763758,pomegranate
36.842427124939036,15.353368743885952,39.10598697238267,24.29017837398279,93.9625671647158,6.665711707001957,108.5898054712222,pomegranate
12.66319800868698,27.299899524155528,38.20619906550227,19.248320586997515,87.39369836342047,6.210546463623608,102.51192004604468,pomegranate
19.61702758049497,12.699569721432841,37.96176765558999,22.005986701794008,89.41853708091064,6.089421894101049,107.46452128857113,pomegranate
36.80529914179954,25.13578445804794,38.32000702117679,23.211095174862876,86.51980182474051,5.721540579755194,103.4562703703616,pomegranate
34.23107107132171,14.926964944846038,35.632534088986795,18.921966746444486,93.58744968529581,6.577431584070389,102.53201163369977,pomegranate
26.65887475984544,20.55159244850701,41.554359784406614,19.632312880951314,93.64402987194397,6.025926555536022,106.94131653976237,pomegranate
10.483739391166447,17.453142597882945,38.51709817958808,21.8043910000811,85.72736261777196,6.843223335334384,102.17780801767569,pomegranate
30.311134446460308,26.064242464881865,40.61876956241513,23.1861824470539,91.61860312215006,6.104400655158413,108.08858539033565,pomegranate
18.84104109656584,21.424258355030343,42.45397739141539,20.652691368687552,88.02767607617425,6.280888217293799,108.17963494349154,pomegranate
37.89765289436994,20.901668257197805,41.614662053236515,24.3229153556724,85.98546851412942,5.894533582372481,107.08900006251582,pomegranate
34.71233385736899,27.140580566611558,39.15107176854933,18.625379316043066,89.3778147729962,5.8922488033519915,102.91196454996624,pomegranate
33.16802670512517,11.510541720517738,43.27581217480702,20.993683600769184,90.96063931100595,5.652408793100654,103.3735907835728,pomegranate
12.691027570445375,29.230874457622193,43.0726164932625,21.21742928049522,87.23602548323672,7.086873678924749,103.44596595726972,pomegranate
14.829532950621243,21.2632877690791,44.43774120344816,18.026812033502257,87.38124843253999,7.095360988697693,101.71085966857162,pomegranate
13.397303549194596,21.40374431599609,43.6184382329483,21.339768723857482,94.94564256684525,6.654591889214588,100.74074907210448,pomegranate
39.78496395045926,18.15788473560381,37.87402533845483,21.9051542850452,88.04307591820864,5.646977762104259,100.01428343079176,pomegranate
23.48750058760787,26.737268444531846,40.72315185630077,24.994451092604088,87.86846645647199,5.976773610092094,101.59749460233944,pomegranate
14.921907647960055,15.703731920200957,42.928400452735275,24.340297534455136,94.75087169707682,5.894892411963969,108.81297545614092,pomegranate
19.84765267832011,12.256810890337688,43.700249255201655,22.45273944250533,86.64730896081062,6.230713137772105,102.87257694877067,pomegranate
32.10383706130591,19.068324612485362,44.89279945106385,18.383214875817167,88.55015266136246,6.319230284086961,105.0313355474832,pomegranate
19.478074671569104,24.58480498195136,43.747470734889745,24.571035113845042,93.05093376799526,6.945986335421219,105.50545300619996,pomegranate
34.77664679280444,16.070078182959044,38.984787621092146,20.21839109672981,89.67387335447926,5.985485347605682,109.61611442254447,pomegranate
19.385338840170043,11.960890762218796,40.26817166050414,18.399693549116236,86.10543166308581,5.872961961633619,104.64350249882142,pomegranate
22.997527969270838,25.993837240055825,42.39474653884113,20.98422805793491,88.3370420757563,6.037996932904548,107.73995087294008,pomegranate
11.562172186638092,10.256432990212117,42.95544391926648,21.340024631923345,86.30881138553576,5.900462088810652,109.32503953097383,pomegranate
35.785089268746944,24.195701004479453,39.82225230337327,21.6422653833397,94.75244535283959,7.141809754603289,102.15269045785834,pomegranate
34.33313698915954,13.944853323340336,37.13537477883951,22.732651239152037,89.05001098587549,7.083625492081085,100.89009734896008,pomegranate
25.34576922428479,28.370430608862424,44.04113660479505,19.095704493910187,88.66637700096456,6.552506380079384,101.59394884771402,pomegranate
39.04066516137216,28.294986574553207,36.66950179034469,18.8480882288269,85.85408482808265,7.046054228862273,101.93623809795461,pomegranate
22.48854785633064,18.97702731304006,40.99011044213567,18.502147406231973,87.26758617400516,7.083533657762175,109.0841010726857,pomegranate
33.43871942217076,10.388024912364308,38.27006768496102,22.395711147400355,87.75190211773476,7.046297381591422,106.33889461832442,pomegranate
12.157201519493368,28.18011177671406,44.57766658176222,18.54398692874208,90.32360234861315,6.01571927976409,103.92839076481403,pomegranate
15.389536538660256,21.561442040248252,44.57979353248891,21.521508201901263,85.8291458139448,6.554002266911594,103.40222994451257,pomegranate
35.67775568773894,18.693562966329402,36.928396089422456,19.337739358838014,92.6876418072116,5.951498917122512,107.67233394159223,pomegranate
16.176619322997983,16.433727374026187,39.654869724396995,24.602370947854155,94.31731424753825,5.8516821882178895,103.58219041243073,pomegranate
14.48198165361317,20.199701586269942,39.605825506946665,24.305321137155126,94.30005377791073,6.152064564712397,104.9173794301899,pomegranate
36.88708747438399,26.13415615490123,35.03656311344649,20.240416949285077,89.21774241936126,5.890517682261494,101.99571615895938,pomegranate
11.13353519787039,22.86739450139521,37.62510290483166,18.366430249019192,87.30979310528063,6.863253719821415,108.51489181646546,pomegranate
24.49198735579908,18.321413408173726,44.77853693501782,19.403952617116488,87.15359282854608,5.99617420096188,101.72757318281087,pomegranate
21.380967946125597,28.216684539795075,41.15347840628574,20.883625840285845,94.34410794571215,5.582389195208898,102.1027617790186,pomegranate
26.97665815305277,22.311052463863582,35.39557506562613,20.821271305349924,91.49153964830873,6.686719928885783,106.3813990251627,pomegranate
19.616896730827737,11.87040247195819,39.27112446419334,18.901281061576388,94.47623658520666,6.307790472238468,103.17259174356867,pomegranate
32.989122133567,19.958971851645277,38.1003402401245,23.683774196735612,93.67152151001122,6.6441138826907515,100.46964422407667,pomegranate
26.989686404995965,25.26589823994563,36.36503012083582,19.600695259692223,93.82495105068136,5.534206927150226,107.52727137825975,pomegranate
24.213198775432687,18.935443176792138,35.07096532494887,23.73578761676545,88.59824900636566,6.419301573210923,106.7730068633566,pomegranate
31.078887293137473,29.119601176521446,40.31339953236609,20.798036856820993,94.53703626491708,6.591587399543386,102.98150356276555,pomegranate
13.793927362107134,26.851090029303627,38.62181602794151,22.623288049551018,89.70816419365899,5.838180625651566,106.01686608620466,pomegranate
11.820492068520469,18.266849197423845,40.46614939663671,21.052328818830055,92.48672175250991,6.907472422727031,107.71243074033178,pomegranate
11.164388434354063,13.882575408919443,40.36607509263774,24.54375428310661,93.34956775052117,6.932308664198063,103.03208193759674,pomegranate
22.883436912361077,19.414118946318748,36.5737158334991,18.217476911711195,94.46902899460517,5.9092113956279615,102.39948903723631,pomegranate
12.501371613062787,28.57015503887557,40.79737114939772,22.669257999877477,94.11576887263053,6.087554287131342,106.21507311138085,pomegranate
81.5519781891555,74.66931320577824,53.31245805089942,28.833841781691678,78.50642691457146,5.876810627774212,106.00663300660739,banana
80.00964018740538,76.0311084009507,47.08231808608215,26.252414733748818,83.05905842533441,5.779673856546443,95.74563966150444,banana
100.17053843172127,91.6411259093183,47.413497038375,25.392681213963993,78.56404735849665,6.2476518245649775,106.52071634084383,banana
112.6717347829739,93.98980369023084,52.926624767516174,28.019015394218766,79.93341588052381,5.540069086348266,119.52965936442124,banana
95.3392449030017,73.80570534792167,51.66708855396457,26.421441445477296,80.85778270931047,6.0867679078445915,103.37189462708608,banana
113.4447446218017,76.62417653888608,49.48632591617734,27.68846064295486,81.636247207673,6.28397185050559,101.84421848634769,banana
105.84187776386383,73.76527382671298,54.32648100542478,26.915294032105017,82.29521421976439,5.520341081882178,96.1556142871442,banana
99.48330177294312,91.95631169330866,50.27255149950677,29.649352411469394,79.83796896582797,5.99044909673595,93.59240365501596,banana
112.1062497660888,76.17413531167657,53.99612489372315,29.55412110165198,84.43310111874149,6.02023048910309,110.31281354350934,banana
111.14063520246654,73.27536546626163,51.00957194997497,25.171489506516558,79.97566083388726,5.654842681620227,95.48768777886254,banana
94.60190266770405,80.81092916791258,51.23172424532187,25.37214209219258,80.03691761237445,5.6826251302531015,107.21925525095226,banana
105.49618449044735,83.91773141382134,52.38295510478308,26.678046221204507,82.6510659163313,5.932767081708194,104.5255349496779,banana
105.92408509044286,70.4589595999806,51.53994221420248,28.092925745360578,78.0984711675328,5.58579428489949,92.72806349739123,banana
116.92894987940915,87.23198303064592,46.2710261377074,26.78361584654453,80.92482993901596,6.335571705090649,91.30982786139026,banana
89.46532525880036,92.2437247573845,45.09165550183816,26.006995513969436,84.59024175972966,6.113401846522171,97.85014099912519,banana
82.67964377583391,70.70478351118055,47.447450796369274,29.40742909794455,79.15913654297509,6.220333369165993,117.54855106139874,banana
96.32161846411266,74.78193427593493,50.171179308569194,29.540418435299273,83.043744141377,5.5658298433631535,110.77718400232746,banana
102.87590089835815,92.68657940866063,46.224814168502974,27.670180566023284,83.79462693511893,5.910023786741743,104.45984753198601,banana
82.81842710667833,76.95359101122277,48.24506649168947,29.725612243724434,77.82667360541159,5.960868735269652,110.1391327069284,banana
86.48733489631509,82.16105967854686,52.38539039475908,29.33427606513533,81.26259274662426,6.169053515316948,93.78850417753706,banana
117.83105988985389,73.31435193711206,52.746729371817985,26.324081608891593,84.33593143701252,6.21995953936948,112.61441138935106,banana
88.76236692239533,81.07599941587902,51.178131945892865,28.849868091033006,76.03959375912389,6.4623653164545285,116.70662011663669,banana
90.81394361982338,90.5690060758083,50.183239230398236,27.309032407810093,78.14434105811405,6.080968586631593,111.89667353110794,banana
96.43731619851033,85.7304798252073,51.99312921155304,28.55560908507643,75.5196609813118,6.359747805685067,103.74759944295144,banana
90.49664326784858,76.04411268699204,49.83014112843951,29.434157697344794,78.78347581682647,6.249725746783543,92.90456192961656,banana
99.04226808604247,94.79215350981839,52.70437802792337,26.052642442203066,80.0144147369791,5.733624763648566,102.28682781787528,banana
111.20336094939859,89.2806203822601,47.28100377902385,29.6111165907743,80.92568182764826,5.879924290962014,105.05806742342583,banana
104.20285013750976,83.99726329614464,49.86405035536178,27.524664020447002,76.76411910427886,6.31273290430468,106.25280959823046,banana
85.24319446818812,89.15392753956945,54.32443978377351,29.73653449618481,78.69017732411173,5.635516873560754,105.55198879899196,banana
84.50436917396883,93.34968546281543,46.83579627355146,26.26382929975582,79.06636526884971,5.883164468559126,113.83988677193668,banana
98.25267282203849,74.26920650008343,47.67209895486074,27.54556692593761,76.47453917426135,6.1116556756460145,106.97241919653437,banana
108.58809265529031,93.44261538448418,54.12254561101156,29.730378090344157,77.447155970237,5.631565306639355,99.06830101489345,banana
115.80340691065258,94.3013368655872,53.59324951070476,25.55008860563772,84.47427998059793,5.923358027350786,90.27930872287061,banana
97.69574962992775,71.15172924188668,50.43877921161118,26.692770137185256,79.7343493359405,6.113170360743117,116.0640328745346,banana
106.47606305887714,80.85122171195452,53.19427853670365,29.52791068786566,76.19759966432197,6.031932977552792,98.53535879227333,banana
81.88244791507789,86.71366737784963,53.62770777459225,25.81451327238697,83.12413657623901,6.353395733536941,117.4302132799945,banana
90.6114035634421,92.59882662974724,48.20662754736432,27.761690067277513,75.50507470832282,5.543881088368743,111.6111963819661,banana
97.77919911911164,76.40730938423044,46.9041349602491,28.349767454296092,75.0040154402534,6.305891169196855,92.37748818389787,banana
87.65958459632478,79.65590988247723,49.84858739716103,26.77497557906971,78.20712164984293,6.463916012073188,109.24739043730183,banana
80.93731821469552,80.75439771110783,53.7500869974397,26.50728093205334,75.94556344774388,6.258384771589918,108.18041495808244,banana
102.81250031306016,71.3394139901852,46.40499009795517,28.11274698106557,77.07823841458836,6.004070079748424,106.34645058088181,banana
91.34028761083758,93.71062888853731,53.424641068355754,28.61186753816399,75.77993866409409,5.6061300193090196,104.78344037594867,banana
86.42853396763942,94.45663658823685,46.585202340274094,27.43733917731987,78.64121056841505,6.139386421454098,93.87109226668275,banana
97.21265712169563,76.86762582017859,53.87751524671688,25.202928560673474,84.1372749400646,6.332994138553,98.92712149322446,banana
111.57162618708419,70.78033900846869,54.66865550293394,27.632974712948947,78.03281026065446,5.862583212594677,91.99216060381492,banana
119.57398056168157,70.98229862876731,51.54907123147859,27.21367963853229,84.48916218188715,5.745999740306795,105.96260471814034,banana
99.29424834331012,87.57166110125253,45.6801023195242,25.968945650116773,77.14564820092849,6.23815075484169,95.67416088980221,banana
102.93967055563907,75.38109551252384,53.616249500839785,29.710927272448192,80.18492974942241,5.852308884209179,97.02173325052497,banana
81.99124006092175,76.71250190493738,51.54235779945318,27.668084656546053,84.44041278280928,5.896277262491701,110.81590026985184,banana
99.57290989900486,82.8144053981053,47.67774314604117,27.27475388421,79.70784997012707,6.206642521748934,118.21919997558342,banana
93.17285109930017,71.05501171453245,49.962951255006395,27.722306660745843,76.68440551131916,6.2604646062760665,119.54787325324475,banana
117.83098868033844,74.9276509705913,53.75363239900761,28.522468182058425,79.53846563806911,6.040610994324729,115.48800524947374,banana
99.20539758553493,79.33018422762817,49.93247493025986,27.895649020175245,76.8907765377835,6.400907730266991,110.22560846488841,banana
105.33075669349955,72.48740565451595,51.04173938172592,25.604803311192462,75.78697675195399,6.027310895642393,102.08356602139484,banana
103.55241080624893,72.23055420143096,49.30983062847258,25.87393357522579,84.87100085924116,6.061150212435175,110.62310582822602,banana
93.01673122730432,72.36847286948361,54.75870862783537,26.431295176915917,79.23808185173574,6.1498639217025755,90.74091893058333,banana
112.41036522069147,83.4144547507155,47.782171870688224,25.308039926462346,76.62498415474441,6.395033858853437,110.58072671807673,banana
89.99606886547559,71.64001912362573,51.90615312386636,27.862038629838825,79.04519524458235,5.8636114491900635,96.50442827787325,banana
106.78445026150071,94.26670069484676,46.75715245836826,27.985583100077516,79.24185055745976,5.946688721744665,97.62441840383443,banana
113.00539502645677,82.13139010368103,50.43405852198264,26.52380456398663,76.8180846566695,5.58591038820282,111.42357422774748,banana
87.84937126751423,87.25188385471995,48.90376446046954,27.078874004948258,79.69177496092772,5.867708508127543,93.01859931667771,banana
92.38527240011383,86.59335901734846,51.657844014688706,26.43112153619997,79.60102626557688,5.693447228011937,96.31116244589508,banana
80.92188353626429,92.41866374769361,47.10706665074906,26.137669384682315,77.79601432645131,5.627408071695429,109.17788649544089,banana
83.00571812710346,73.35506065815876,51.44756726590093,26.698303102407213,82.0794782670119,6.057424744670142,97.6806351918454,banana
106.03311801957312,72.90684200732201,50.3641038308003,27.185740525225174,77.67873582817441,6.1040049977395,116.14000777020848,banana
119.95618799052306,85.19406921858561,49.0470587432917,26.12603550108101,77.57096089395112,5.979454978149766,101.01833103842128,banana
116.55258090499777,79.20738669139274,48.73444591145436,26.917672562169884,83.36620210367659,6.150788320846901,108.42506550956678,banana
93.36572089535449,90.44760442081099,45.38363861355701,29.353985861690568,80.1274989979393,5.898250234863413,104.91501842153058,banana
106.69662122135324,70.31913566294743,53.71551856458248,27.233697626556964,78.42966519700079,5.638245565634057,103.18396123075327,banana
99.85291085137516,80.09116736233695,51.78660093826897,27.104482643796132,84.61417577846574,6.099277517823592,114.22433806955726,banana
84.37423612437915,79.93228232364764,48.36847701447153,27.84741194068296,83.61113520061426,5.578338217762006,92.17724394134132,banana
114.01270832630397,75.32125215095894,51.68753254449814,27.714390661804025,83.3289359488723,5.625088909836403,93.89348897167834,banana
102.2727344111323,93.65946633395927,49.14997758370754,26.634710501273474,81.06689323197885,6.430448600545031,115.10783498533871,banana
119.8193444293288,70.56421458005943,46.12858144712762,28.04733881683311,83.2057643933385,5.7852443423067665,97.17633264102656,banana
111.47903197524803,71.40954634633079,48.69382647582585,27.529046112961648,80.60348674350324,6.2286151567927766,100.64537170291975,banana
104.50737378698429,84.63438556977391,50.476161006537474,28.20241646571106,77.59449171068076,5.584648753584629,93.5781501611923,banana
88.98329530615604,82.50494838806964,53.404427505460205,28.50646671044192,82.89040604202047,5.850975623926091,102.1396122494565,banana
95.74727543962452,74.79682961011254,45.61216658143572,27.954580464136136,84.89216683420587,5.6668297049502625,91.40054459697821,banana
111.18126727295731,76.3146501671181,53.296438053529286,28.519683335172576,84.45673537050804,5.908927235756672,109.85909518351903,banana
98.59419123253083,85.76471743271358,49.49598906007737,25.943161232120374,80.07897416003381,6.028584201437442,114.31811544780483,banana
109.42082823174324,86.5947905985361,46.13387095552572,28.603081453318573,80.00305156354514,6.394099536106159,117.59612802391628,banana
82.20626362407143,90.51603900886197,45.37697390422671,26.835848128475114,80.42299975621079,5.648100798627127,112.3894143770723,banana
80.33418816688554,74.21497621085092,50.80796829853476,28.571937810186462,84.16643102693916,6.205496651934624,110.15337810764598,banana
95.77364585402657,70.03211063817004,46.20159258735622,27.672772723780195,81.7512988584442,5.917448283896462,111.92037034585171,banana
100.87449181328715,71.8544048898578,46.920162509679486,29.199991116219714,82.24912746624439,6.394761987012495,93.5267174736281,banana
119.60890138460296,75.23516784874835,45.11779876286642,29.98711469526777,77.81073885445113,6.16801945251256,95.30046942528915,banana
103.20914128796566,92.60087466136397,48.201811674284386,28.351269880221796,76.87903588798416,6.124795398718725,100.09351055452531,banana
88.44833034351807,77.82955126759087,46.78841068507799,29.509580539189415,78.9718688631713,5.745279304974368,103.45223523047798,banana
92.82144667225982,88.61048134533314,54.71219911885494,27.190168283488234,83.6103339997224,6.065863073559619,94.717069952827,banana
107.62490968325366,82.8358624281455,51.50606523252104,29.448437062858325,79.40434570656046,6.401177623217356,112.52007042844964,banana
99.5441970351194,85.08055339144909,48.255811325190116,29.91798649869387,81.67351163050395,5.54384685249663,99.79865717244026,banana
104.9325773503623,71.408331944981,45.23884191319143,27.25012119763901,78.3269017969267,5.938298608033166,97.88079929640016,banana
86.58870987771924,87.22858392450844,50.145711162678005,26.000771056246833,78.19589426259998,6.091807907663326,92.16688044817434,banana
85.89812037064718,71.83114010268476,53.12317332714119,28.762046166060045,82.53312931879258,6.216325343476028,110.08156271009608,banana
99.079676615127,86.05695408767787,45.38361554787975,28.107322113283924,82.77877705536878,6.00035836038439,100.7253998528171,banana
91.09706939203916,86.07005125405206,51.92801198629909,29.354837999312714,78.42334082460991,6.269772307385585,106.84067472568015,banana
115.31345962712317,83.19530270739052,50.176298283979676,27.889385407204546,82.49315355142434,6.4646904788284605,92.20690062647297,banana
82.13738409564068,93.43875843518346,50.29875625518206,28.07451507283468,79.82423601594729,5.5936574526074745,113.04268135256,banana
109.88898580354348,77.7925830373203,48.062392452284,29.189206904527595,75.72357257741326,6.381105148356566,97.69985069687743,banana
103.71938991021976,93.39985447504444,51.781225015366466,27.072149062335182,81.89534208905415,5.84397963631637,98.31775249047558,banana
39.86733111738719,33.769755779494695,31.447199773818177,30.197606788973868,45.491608291550484,4.577642190087889,93.31271883173198,mango
30.481308841562043,28.434479761096377,33.40785071939115,27.300838797838995,48.6675207642594,5.092675977935445,91.70909452235684,mango
2.895055727764899,38.85329103927681,27.232554010693608,35.30076997935226,49.25893155036682,6.963810333138046,93.31087575190315,mango
37.233314567032295,15.133724717355571,32.482388061809004,35.12745587792264,46.39720566978954,4.740314629330379,91.36858910778933,mango
37.34715624531741,28.55966400476097,30.27456463721732,28.270135064693896,45.00789511093219,6.525350226863653,86.31361844479358,mango
25.35399274941296,37.86541136287978,27.08651913158431,32.987455526132194,45.786985767075095,6.009387859594033,87.45897581429804,mango
29.43814242060712,22.530782369847707,29.633910088046463,32.394874878248594,46.712734106662396,6.354094546544053,89.53960510955221,mango
26.49487439651014,18.95707626748434,31.881176592063504,28.153692655294154,49.25356496269983,5.118015184347192,96.22562874142274,mango
10.481400180274981,37.042932659884904,33.918202114066126,28.76797183700507,51.13845945007724,4.719294104299911,90.87305649402444,mango
28.53286918005089,31.485581171247908,31.24700669406608,29.54286777296199,48.78024949434402,4.757365361750716,95.78534230650402,mango
20.155551871650943,32.71914080864136,27.48943524796873,29.919944057715597,48.342153372601146,4.56435602436804,90.11571809245936,mango
32.13218294072134,37.432462393743464,30.182183156359272,31.099515256972982,45.3082461869937,6.6980108439634565,85.1951532013881,mango
37.79000320840847,27.230406217202265,28.419344935747265,35.31796591358394,45.243909931100966,5.953562237172718,93.23398786749007,mango
8.772816048455283,25.722185783755265,31.522640059437702,33.54418077193735,45.0071685870658,6.842133575227538,87.46788058589219,mango
9.343217368894368,21.586836142346208,25.378201365520354,28.107469112312923,54.86349922944162,5.2880418434432155,86.72951635508574,mango
4.279650446984933,32.986499191749296,33.54568664032641,29.312570695576227,45.20909512335235,5.05772504611339,85.84773536195137,mango
4.1357974652016605,25.787702996191058,27.299183708616326,31.64351290672881,47.5349375325719,6.851343252757369,98.58915951889396,mango
22.67224420041864,23.860599799684653,28.811468820347358,30.706670548300472,52.27579322134944,5.629097488797095,97.85094919758846,mango
37.76379143721458,23.398653834473347,30.6069448137568,27.85550883149308,47.00469047766359,5.5336644167754,88.09304073852668,mango
35.0624196315487,18.95715640147745,29.55660821553092,32.45129316413888,51.91863908160845,5.457673424316267,98.03648603087093,mango
22.73276604311702,25.987694511188796,25.672406340520368,31.182205216006487,53.207358408157305,6.036352545553289,97.48243680593677,mango
19.760466823972223,17.961542627362046,25.136398458358812,29.72897592046732,51.97990471497793,6.475649759854234,89.43629251930494,mango
19.826156835329883,25.52797261085204,29.105227843514278,29.082138418801353,46.36371105029458,4.991721395578033,85.82998580745019,mango
7.925229672943082,15.230022440634487,31.272584006359782,29.847378666489146,54.73144711426909,4.984292626940745,90.1874285546439,mango
14.31364634566133,15.211287401561513,33.39207953039459,27.28795014129892,54.40179834729241,6.730185877734051,93.03282874128945,mango
21.743822996451684,31.34444807390391,28.87050011934887,32.8250005505807,45.44768388688487,4.635119068374316,91.85845629429316,mango
21.9848920442414,37.19544100839548,26.046606339078963,34.403831344745,47.100473372920696,5.48520912127508,89.74903652241119,mango
16.00621091461596,18.76238745181464,30.03570074403555,34.2147833084823,49.41534010378897,5.726533939745497,97.73151377921971,mango
28.24232458552123,27.261360212994617,27.5769564818918,34.9643407216047,50.77020401690558,5.052869025276733,89.03679628957016,mango
32.12532355744984,16.103639052186388,34.9209218702882,28.173165117433125,52.96068525396937,5.486938291929207,92.383242749312,mango
35.22602309858311,25.32277973973033,30.374937536732347,27.44369696168253,45.02347473867453,5.111999682504315,95.20874639378151,mango
4.850595734365468,17.844048970113736,29.109606080359033,32.83053334747404,52.1207199224793,4.946126685245937,86.19382221058063,mango
37.61588135782177,21.516659564052542,33.53346497608724,34.77142305416537,52.725225917625444,4.922084016631425,97.32702188881301,mango
30.77002236966347,29.91807475265543,28.372020351689528,29.362577438398898,46.21889212080359,5.774392667252179,93.7789131326477,mango
14.37355962063149,26.88397669202171,28.635144573692667,32.76905451588631,54.012592077965635,4.909800655117362,90.72113214854686,mango
5.634744158034453,30.6235942601958,32.288705094885955,35.3872145933771,47.788719262609646,6.875528014663575,85.94894007731013,mango
24.120554534583526,16.42831798358325,33.937741877619445,31.768281513630487,51.69348350762796,6.578934814776131,87.25465933725953,mango
1.5436624775253538,36.972028647821304,28.149332274589327,28.160810171344487,49.684612370870866,5.995765189240047,85.46455905133766,mango
10.99582633028351,15.819996856922401,29.20335389195499,35.0559002615962,54.826524114935694,6.092618883759069,87.42456540676888,mango
36.23397559997223,27.906195580001512,26.53749312102918,35.29554002506495,52.57469050723103,6.329263181807879,95.63771055691608,mango
8.013592843857694,20.275167292688153,31.88292998427255,28.97750475099357,49.38671696803049,6.455004563984853,96.75928777146761,mango
18.130470901034386,34.80474845688113,33.38621796198057,32.892981761558346,47.284258523084205,5.185029450963869,89.72261733113103,mango
4.67216430935808,21.828990509248626,27.09519224312532,31.09795874827742,54.08437547872265,4.761200791884895,95.80401885921094,mango
27.491320176525107,17.39385496658394,34.225724049058,32.11624981941138,48.637255211356845,6.3913464587382665,88.86048187602451,mango
27.740393481852816,15.992780189306181,33.39408037609272,31.033537623191865,51.36692914357942,5.053094549516709,95.15610568987672,mango
30.889611035731065,26.83032967210997,31.177269240617942,31.106933314401587,53.940913692578455,5.744672951285798,97.62713063543228,mango
32.05408233080994,25.262620533708912,27.30084491857475,30.65473919303794,53.2621737577522,5.069081339548481,92.86654518786624,mango
32.2438699184299,23.83693687820947,31.422096370026974,29.210684166439332,46.0927944536816,6.48596056273214,86.4845293511306,mango
10.855255803183383,36.377735549936006,28.46469287078667,35.75740814562745,54.7973433477386,5.170690051133892,85.61467333374836,mango
28.202531368215165,26.274662566208594,26.007528439595763,33.36770537080238,45.31174909111921,6.6754917262306055,87.07978793669956,mango
5.092475149869,19.391807449214614,34.60266358492066,33.23852424228461,53.01371535463637,5.494087464331883,90.04469091257434,mango
9.379360271326798,27.016200707810224,30.518287335341686,32.6859735928748,47.57118503998694,6.871635202257476,87.54637747310704,mango
38.626126990656495,15.371403062687595,29.811256918168457,30.000310543049064,49.491234139302506,5.9266614474519725,91.53383737019064,mango
16.5938740120638,33.318085385332665,31.858762750864646,34.49944153832263,47.49958981239496,6.023821274385159,93.77792178089281,mango
14.78951243490755,27.151438547567025,28.137821433057287,28.276599578552865,47.13801210662733,4.763784116003003,95.24604362785186,mango
26.42909572436606,38.76515928949682,32.29678413647241,27.468412548805183,53.842451739289544,6.656687907364315,91.64980481159049,mango
23.434522021116862,39.401958311812976,30.323043638481664,35.14789645538481,45.83038757810186,4.977629671771707,91.61132415161977,mango
23.390272333492188,35.40569629657001,34.88262115143187,30.499663468267048,45.47415636140085,6.502928758238312,94.06571078624212,mango
7.941714354728067,27.370711415535503,32.423102455337244,33.93370608361779,49.99618411998762,5.2630363253221475,99.6061387305774,mango
26.534504438259713,25.205937983657467,27.804632242046523,33.579926847032056,47.42183445593768,4.929274972434221,92.94750833443105,mango
11.599495705765674,30.722628623090376,26.179386748742335,32.894469941105896,47.832965279977024,4.500607336086282,86.90404086511265,mango
37.34461511340376,36.68386597788395,27.336090320362366,34.00534714090942,51.08571593173974,6.927261778624674,90.60408489301089,mango
27.25842450068685,16.588393060597966,28.96247346816406,35.67435895069362,50.38980874450121,5.2196987583371115,86.8040644469291,mango
28.141133607261217,31.12140108574317,28.739387136037745,35.55847216679251,45.2220281298785,5.2593096290795645,98.81604229449373,mango
12.837417532777614,21.306320846379258,30.342204099312475,34.41421574928484,46.03146760878361,6.857551774114341,96.92609321771747,mango
7.250010222062078,32.800199029954065,28.849587226375572,30.62065210268687,52.83290092438867,6.9069620199518305,86.89983809270791,mango
16.825209475152775,27.02354020210759,28.763118169549976,30.268702113446025,45.522686675615965,6.213846551406558,91.54321625680068,mango
7.7917521057570704,35.40083755755171,33.025607481516275,31.377524652800044,47.984506611477606,6.095231814491131,89.32228203666105,mango
9.440317212948482,33.262866350658165,25.403252397209506,27.852916239311345,45.0678817402359,4.882357966188565,86.03485013065689,mango
39.832094711196746,22.22024924885224,26.492680126692473,29.16896632196326,54.36125571540135,5.800400557560989,90.47227144461786,mango
34.93565831636877,24.874756763725813,28.350085699576958,28.86554270294762,48.777968239094115,5.2917108900423155,95.15955938947212,mango
11.583308186829084,29.429993660564037,25.658921650319726,28.72160241026863,49.074052716113485,6.842373134771739,90.65877978573543,mango
26.562964847993364,21.377180560534953,26.27033575973232,27.52682940072045,48.05413498542751,4.89415256699227,87.61015672024186,mango
30.430372335478,15.395951773621855,30.578101257354344,30.415152425341184,50.065499999085475,5.907075593036508,89.70051541685918,mango
11.804354407371411,33.335046233372644,33.71276988121157,28.73323469212675,45.97618760535149,6.744489515980065,90.24843195471098,mango
22.052695626512566,23.988578613000087,26.258023363460513,32.30398480452955,50.2514085176963,5.007483897977993,91.77803566978417,mango
31.877900160625835,29.760652577697286,25.96917327066995,31.932193475062213,52.027382992895866,6.481758514451879,94.436763679514,mango
6.1063265816313494,32.75433166475402,31.773418460815165,27.2198419464657,49.11747667590243,5.332375617405933,95.04118096380465,mango
8.645432492436829,29.77179807435646,34.132059618141724,34.18022134987747,54.2145773621653,6.946264917331725,85.16005190509244,mango
24.909651055099104,25.32098494397266,33.59854490335122,29.266332318082185,54.81029489115076,6.034269923859368,96.90306103343246,mango
3.423982112910733,19.586447118971627,32.584036730342035,27.19787869835391,53.168779858937825,4.534872546729779,94.8567825859191,mango
14.603756809272234,30.28737131797998,31.960314069891137,30.082276972676738,46.079624481108354,4.674114669370664,93.83404033843821,mango
20.82621414936446,33.55502522802831,30.097355100039373,30.80201211027791,48.98087178236231,4.566117256494168,90.03335802544986,mango
39.04080630097977,36.83888940567722,28.293780670342176,32.29015864559735,53.47296745535494,5.603185841875172,85.26936795625227,mango
2.980418472745603,27.759818033717664,34.694393756758785,33.23888587996981,45.709161914385696,4.973402189479657,96.56984714825275,mango
33.65759039824979,30.442364654714773,31.444231696298168,27.25503705345046,53.28530259581508,6.470688020427074,88.88552716155021,mango
28.347068798620278,20.371365160624954,25.40330161051513,28.810228883313396,46.78628876754299,5.344369991837118,91.27674245763187,mango
20.341555659908316,26.918846887708206,27.706746059652893,27.26253601716667,51.05101622237151,5.489362074618386,89.48008236081324,mango
34.677641713220495,33.668582694954,33.57765548372442,31.454845152412148,46.30931252126778,6.240553590303181,88.09110669905763,mango
17.649186763668673,16.62501972372221,33.25308402422982,28.133465769427506,54.0309750704931,6.660576505653893,91.9687414665887,mango
29.774728172159627,30.486126845453832,33.03075642337745,30.88624590707321,52.8580848424435,5.65614204266287,99.1144868176419,mango
19.454884033005904,26.56548179834324,32.85071861563513,34.394199225847544,50.54489114321171,4.949494533737688,92.0163734643637,mango
38.72290011638714,33.82465482597963,33.11162603879132,27.295429489373163,49.6785946263416,6.116552834143889,97.45049025442113,mango
1.9709461433108588,36.31097214104683,30.484009367419116,28.77582573518454,48.172552164497,5.2048238793789015,92.96288551432714,mango
2.067427196445273,18.963403962498088,33.12693043375782,28.1934359167213,47.33396269458127,5.633426514010393,92.75681332169995,mango
30.544419184566344,26.183310666654695,32.89864621035539,32.565116763409115,46.13099739423822,4.8908285959820965,91.55550588174657,mango
15.875575723561584,33.58860674093236,30.80737139797352,30.493197729020245,46.70760283450386,5.0670927558137375,93.63251527703588,mango
16.9375521959917,27.8731877215168,26.706774353022336,32.96615627110109,53.525387408559666,5.144848766967251,92.3727133874774,mango
39.021093160836074,23.331043513768194,30.95046344923761,27.8117613018022,51.06015002479443,4.724079433261545,99.38853152985733,mango
28.626506082892455,34.70399470339266,32.04104360771637,32.307561324688194,49.49912781085506,6.645933449402656,99.35253501314594,mango
29.980723458081627,143.28837622888156,200.83332909988516,26.30506235447873,82.27241366477678,5.70928776153012,65.0371966081806,grapes
24.830124537121225,132.74307929008913,198.79959952259753,23.24849775208955,84.90324109782024,5.850272370669328,69.52182939360108,grapes
22.670311027056393,121.19894331092469,202.75409514592494,27.403227952447274,83.80352403021948,5.649862798886551,70.7182877118269,grapes
25.07284948682751,125.7015454225005,195.11526014052984,12.431584601348444,81.54634055749848,5.616878760590939,74.85858440410938,grapes
26.172652970479014,123.2580986675582,196.99082312827957,27.9819097636102,80.32021761932394,6.362434130141157,74.61499679237147,grapes
24.93494841334762,131.25238171477147,195.22134451029498,29.784147640725532,82.06963029026295,5.770058466101556,67.06837110616608,grapes
33.08046155317521,130.40542577580786,196.7965928902991,31.42970877055202,82.82536141518347,6.358672054929496,66.17475898876494,grapes
35.71333203888912,136.83791967043146,196.15010936828097,31.623904815638504,82.20773644439915,6.444984785555843,66.41611350617899,grapes
32.85666781631476,129.54950113657364,204.5681467059088,19.219146439869398,84.810929547459,6.401485851100749,67.70383235310656,grapes
36.070835536528556,144.89010504508764,197.52663002171283,22.850423756992868,82.6009036828338,5.794931135803864,65.1526483964603,grapes
24.40258488395053,127.04842210854396,199.43599701318186,13.817484266055663,84.36627178345836,6.204911132731336,65.85200477559663,grapes
33.00184902279863,136.34141191014052,204.56221173643627,8.102709626109483,81.23966224902904,6.4277914793753155,74.32133915398283,grapes
34.41172838741275,139.1440830261885,195.91482957929648,25.47177838245994,81.157914956445,5.681218043613617,73.10303299123332,grapes
22.700762733610947,131.71629092490963,204.38578239586033,14.318289889221646,84.88996711869117,6.494287985761059,70.55617154682403,grapes
23.402854803543157,127.9026221985224,199.24492832676535,18.51702362817958,81.40317789938258,6.472229709216357,66.53364827415746,grapes
34.66655817433725,120.01025723597937,200.96182669402376,39.14206213443778,81.4396704704661,5.685525975257719,71.51679794878427,grapes
34.25202814596786,137.20076297379953,198.19316880021375,16.574881673417252,84.77959399981022,6.423299508269929,69.5731660989282,grapes
36.92387732308747,131.3080869408574,199.24389018072512,13.329940218376018,82.13203028245987,6.037416938599807,65.22504327428686,grapes
28.88226010350813,139.53390545988,201.8004605637427,29.59533762137379,84.547777142186,5.51803200982523,70.57047586192235,grapes
35.74697696819414,133.53338456753167,198.2389555258038,12.632519213127248,84.43781535908096,5.970762392387603,73.781151969857,grapes
31.717042448663367,136.85480291537502,203.0426115437845,30.411288516404568,81.99027420339469,6.013633383928651,73.0304552467588,grapes
27.473005927459685,129.70303641921242,195.95690116058,39.09587079753942,80.4551815747272,6.148209177448556,69.13194478802798,grapes
28.112387805108845,136.9887959143171,195.6709373262988,28.185996620348778,83.86015892986177,6.328212757886594,66.70530389393775,grapes
37.948381001563476,136.40365229618607,203.81854800820682,24.49954438174674,82.710166725486,6.419038277028671,73.99909543354671,grapes
28.96321746738004,126.86031579089205,198.93170434564263,21.18398717001149,81.43433437491397,5.768579604332967,73.61062936479719,grapes
21.397238413693234,136.94027955248987,196.72820051456452,19.713200375398152,80.30771517067419,5.769973636855462,72.68421071117243,grapes
37.700306490945174,125.53817879755917,199.63547839258922,23.991017629865016,84.36787652879867,6.262799052875805,70.1307721836805,grapes
33.414944009435466,141.18387634773416,195.09538954025544,21.698261055701654,84.5362158363854,6.240313030843952,70.42841374334074,grapes
30.59289054070267,128.69425244011094,200.20520533641513,30.28302878175741,82.09181519214397,6.214153146392174,73.61232227260386,grapes
23.093696963697223,131.2886755704356,199.0802009128508,31.373803337690756,81.24933732628965,6.140250914952277,73.77489241731487,grapes
28.362631995872455,142.7753924994805,204.93163738933478,11.60712969823037,81.1652659399243,6.450379751482093,74.58327686481387,grapes
21.95414550773517,120.37496250942841,196.6110002325642,41.86443463499644,80.89999808305343,6.002547606722024,73.48417726430512,grapes
20.408032213764127,135.11222455646148,197.77025448869625,37.319387158950875,81.4173057463204,6.186755720281909,71.74219632447397,grapes
24.4298709771928,120.86997999670875,199.09249573785397,17.83256716683957,84.04488874806854,6.300364188455346,69.57023952192625,grapes
32.13024450646438,135.10648789967314,203.27158148427623,22.450082080188714,81.37723339895254,5.765034918140548,70.36192279282204,grapes
28.98296405464425,131.0030192746234,195.91137339089707,32.43252718346665,81.06868343990955,5.696953630208721,69.12758320277393,grapes
24.55556683235603,134.5964566827004,198.7146333933447,23.262998568154863,82.68584660802014,5.703535522481805,66.5575162286553,grapes
37.6084380574721,130.84309257078553,199.12093609632538,9.21081310927661,82.48988151293696,6.054169721611,70.58840870954667,grapes
34.14062338645769,124.4370458747753,197.52223134230618,35.56483581783403,84.73585308421697,5.63593274736732,69.97649554505219,grapes
24.28352505479174,121.50182920887457,198.25503338126134,12.885379256263233,83.54966536717123,6.033725413671444,66.4383447099031,grapes
20.184831768110286,140.20392622560533,196.76194406164248,28.611365835506042,81.68460956538372,6.085485938315036,68.15653626982323,grapes
21.738791213845083,125.57375021394384,196.88058566479074,22.552657982947892,83.29141891713078,5.763806074946357,65.12069935300617,grapes
30.378747285295137,135.14398723397431,204.6287049400181,28.042007305170394,82.3558627968907,6.073401625897704,74.27900629862027,grapes
36.567562912032926,128.0744683340952,197.37254363657138,16.929542820446503,82.52210519857607,6.244049451228578,70.03219207182963,grapes
21.35592791656225,138.0895175109995,203.05970128670953,17.842927414070466,83.32062869641675,5.926591901054393,73.89119355727443,grapes
36.90451116321479,133.13579995774106,201.91505545813595,38.033889834751534,82.47858505039137,5.813250740488822,72.53666137909582,grapes
24.401325095693835,129.71327870015105,203.65727237106793,32.63035956915671,82.0190550262375,5.714744502408357,68.55968390832237,grapes
25.68208298454866,124.40223219859635,202.43332913565658,16.57037615290583,82.27083735083882,5.885859446836109,74.82077378635631,grapes
27.82184488296441,121.99956206991887,195.89825752572085,28.085626526004205,82.99681775869132,5.9187589904826545,69.3184369231203,grapes
21.078651656817424,132.91366275973155,200.04739475380353,13.084676830936115,80.51919693055464,5.62357249059949,66.01028246491259,grapes
32.1941639107352,124.91206631007296,197.51430152187464,13.90145290114895,84.78917652224251,6.354617463151835,67.3049483735152,grapes
26.55132587844252,125.24732105762493,199.91875959460825,8.666758104124622,83.35684004448397,6.023158149817641,73.98638928301104,grapes
23.287853686568283,140.1027311515283,202.91961014466716,12.324160433374155,81.99279612072064,5.670152641144517,67.54720500457549,grapes
25.264923496610887,133.90590985064432,199.11410931760466,40.222915336214385,80.63185070973502,6.473692134850198,67.30638640214264,grapes
35.45747872763706,128.47424815432055,196.43081395417315,37.16823229837216,81.54430449618232,6.158855404226842,70.66443685086627,grapes
29.435126187817488,132.39548681621346,202.32237914092286,10.98427908019698,83.34090330978952,6.395812101398579,65.57788197019865,grapes
22.813066784673335,137.91579841755077,199.37281648244618,21.720653107665406,80.68483317272118,6.006770040717788,66.26545311196378,grapes
29.53240912621081,139.0903824740414,197.58264357887163,24.34672971811073,84.96007984698417,6.186650423354037,73.41356771305199,grapes
28.296952131210915,139.19652307814638,195.40509172941321,12.178980206436329,81.01535296460031,5.9019519246152194,73.45744878325763,grapes
26.92532101575861,136.36552983788658,202.09314294803482,27.93020003900361,81.78620984085069,6.077053341713544,68.42265592789747,grapes
21.67747477104024,144.82009945465035,196.2718245363251,10.459845050425951,84.39265374603578,5.8018346608928955,71.50296974073508,grapes
26.58011459324466,129.78635676986178,197.62112972016797,19.66349619696235,82.05350200293272,6.220416069092343,70.11536194234792,grapes
38.87130434313954,121.04700984596938,200.0306832263203,27.863642820278418,84.60098493037137,5.549158523621427,70.73499584935216,grapes
37.07259857055914,126.04819320298091,203.76292348523938,8.647475915325922,83.66227314566865,6.433113221168653,71.57197661640062,grapes
28.78058487960896,121.12202541181794,204.2011381332263,23.990071571513543,80.14498372167974,6.189821071328762,69.81837253576258,grapes
22.486906348848215,125.3567952327565,195.64490680455847,27.5259803500915,83.11014739626005,6.005742298355444,73.17102133002615,grapes
37.22017642616027,135.39060991707817,195.1275647970743,31.637808295423014,82.08999608460175,6.065557483226387,71.49080602018884,grapes
27.004732286541536,142.92746262929487,196.33974866749782,30.831401447555272,80.0217978997829,6.4246511054051805,66.12504133238092,grapes
21.897684602951493,128.3251908263061,198.73566286039082,15.286202458977872,82.92560830463562,5.942914098041964,65.34175589041088,grapes
26.393041245106012,140.26082283932925,201.89701534861868,32.645609021715934,83.49058462041762,5.810973021383033,65.99663922076776,grapes
25.44934368066192,140.794632504629,204.8047079778307,24.790798501213086,80.04850177461522,5.640044812134229,68.22080575316267,grapes
31.571706971858994,121.87734114513285,204.4335729870988,20.412844891669625,84.56292108962411,6.280521802757022,72.55437272515582,grapes
32.134391595644644,135.66959542629613,201.3800323521625,29.37652715886979,82.7686411569918,6.486414018482889,72.32290567425696,grapes
35.538927767850424,141.81157037709187,197.15639762725849,10.849341409232068,82.414472182993,6.014080695619273,73.29181779949917,grapes
28.875671585646714,134.2713256386078,200.27070938513458,9.298894647751297,83.07607448298457,6.328043285774252,66.57500548075804,grapes
31.886634678531916,134.84026361116037,196.64184964056358,12.197761506845024,84.90025971488242,5.893719169653037,67.27421728723529,grapes
23.4264908890875,136.69004283958088,201.09445297327278,29.880772181572194,80.44003013755726,6.393534583498437,68.89266396809049,grapes
26.26738812860716,131.55903618119348,198.9006606574763,37.36161810673096,84.64630487598946,5.803453216449606,73.63935807459954,grapes
35.63046259066134,143.27019180861905,197.45750312185888,27.61661110411329,81.37272292370223,6.3240944904843746,65.05324190571065,grapes
31.29638325772792,128.48008578179795,198.2268370707782,29.92681501140718,84.25742224656997,6.109195391393326,73.53172978646722,grapes
25.2919422376206,132.98754636912452,199.50536539067076,8.395926583105272,82.7840607157037,6.161524324146175,70.9191440441907,grapes
34.72559797566843,134.28348821132693,195.66750254850757,11.959147818880188,82.98237288771976,5.774979191973641,65.79645129034766,grapes
28.592054868970934,133.85806495209138,198.28745988349607,32.49474587567645,83.21885304050622,5.832818361091672,72.54872528908561,grapes
32.97390085066071,135.93613446794754,200.53427700787068,8.387248715010795,83.48253591738444,5.876041791109157,74.42609710158655,grapes
36.3596954215441,134.6923617382828,197.52181981819268,14.926391371440664,81.70192418838775,5.976567943580019,67.96065510038947,grapes
30.298589907849657,124.13426063782964,204.777128128255,11.669434868809791,84.65972069827185,6.413578011402695,70.25360481819499,grapes
34.49820543672169,130.90120744931468,201.30034577542438,19.579581872318037,81.50579509892722,6.078229786169514,69.9812967418398,grapes
31.59072738299962,127.16651453217557,198.66957831816995,10.852530661382916,80.26138186136103,5.753457129673016,65.74246859330546,grapes
22.075494172694814,140.32321013484844,195.3887369701669,30.404054993781255,81.36278874407701,6.3715456807081265,69.849922845775,grapes
26.111529186556517,132.94097339223586,198.81958019045268,27.18623619877423,80.57266434163174,6.496990502812551,69.25555877696718,grapes
26.964612794147374,137.75524620790662,198.63899406495332,36.33132637097776,82.27135362180212,6.219558413265435,66.07453216441887,grapes
36.922383711102235,138.39294966945275,197.11716778461965,12.939724331356746,81.58146174362813,6.476070586031904,67.56831574567059,grapes
29.122544178932664,120.7505056429334,198.9722752956623,27.42488052472549,84.76562306253983,6.016736044940064,73.19107326177688,grapes
30.94255285137801,121.01962533588795,198.15008275189774,27.568683266257512,84.75296982965563,6.359130359751234,67.28355614178848,grapes
24.40219660038327,125.02932417784751,204.22498896302503,36.9906492054585,83.87441716126474,5.8927351142242275,70.04380704298767,grapes
29.286634895903056,126.33495268898432,200.05028046148766,9.036882626993652,80.65905186748729,6.386589596168946,72.51679767031423,grapes
28.457368181181742,132.92875905709693,198.69998885959978,33.18651548346286,83.9209358961604,6.263285190203159,72.2261172483445,grapes
24.090086773855916,128.44924948101198,199.69845434983674,19.24696170854029,83.77470100079165,5.829353524249955,66.38232086785337,grapes
27.98080904096608,144.49786081955952,197.25881412933575,28.81339440406979,82.16486524919853,5.571024567649326,69.87876605998059,grapes
34.04328657296625,132.83049939569548,203.72106063746583,17.82385856635781,80.43124585651982,6.436565611658006,68.78196349528218,grapes
103.05622205814534,24.800078153254898,48.24313663875581,26.148493614532832,81.35418849817827,6.291293747205505,42.8942127227304,watermelon
112.4492223360543,10.566230880669634,52.174035554052104,26.82989519173696,85.27772209068877,6.540029192260688,49.22067136195624,watermelon
93.0356057357457,16.891375773122927,51.0280753226676,26.957974716511977,89.37764559318224,6.862152958293121,57.78261071409717,watermelon
98.71396733168172,21.43610817943662,53.95066722936214,25.17885229497406,89.61762478345469,6.415786062069183,52.02165330786431,watermelon
108.39218853089488,28.76480032689846,47.44616274052266,26.238392934715925,85.20815586144082,6.268557140620641,55.53213679592781,watermelon
102.08889120695386,21.524345516241894,48.22901068577901,25.443821855482817,86.17354250988068,6.404910814269844,43.967450796954026,watermelon
118.46561969261217,17.786688501065434,52.33920370287701,25.233141580668175,83.55131764025717,6.407164298467125,48.183932875713,watermelon
101.76720463767815,18.58674674953408,49.971538158828714,24.404357354752314,84.9607547850053,6.169103900420652,42.522715725915305,watermelon
117.3058286936467,20.12375032869261,51.594900581245845,25.205381011000092,89.08980891914864,6.637930489579666,55.38339739047175,watermelon
94.74249876110855,29.000297020478136,53.20461290158315,26.561845389043633,81.72194267425755,6.27096320787122,45.71253199367154,watermelon
90.83636892987485,26.3852040526072,45.31884795208592,24.228299966942323,82.73914870629903,6.199872974649444,44.637192277656965,watermelon
111.917727570132,19.078164847301174,45.05770661292968,25.287968297112585,84.07884926850359,6.113945269444543,53.52283577202914,watermelon
108.08388753517964,23.022330476302443,52.28470945558592,24.00015848079689,89.53920803846722,6.814208767054663,58.07963393178571,watermelon
80.62573181229736,28.346469894643484,53.097885286881045,26.511657428876095,80.93287384721968,6.738778028918597,59.19833379284182,watermelon
107.14189365672642,19.26403511561516,54.45629677748997,25.328811365203308,85.99293566310479,6.476338293494366,58.65692442720598,watermelon
83.0433890706203,17.527992520633703,51.869524413854386,26.37571961526671,85.83018647444136,6.908917744121454,58.83982893767744,watermelon
82.57276892774334,15.05926348853436,45.23459021721155,24.988249972123327,85.36868217970603,6.910794930509949,56.931086449308054,watermelon
85.09998906687943,7.325759368522393,50.892673387566674,25.596353917376348,82.66377641430024,6.899453084553835,58.54732818923107,watermelon
96.1044575336065,27.257563927838007,48.83948894262973,26.2104504954891,84.75942217547724,6.122583156507183,58.55868402474043,watermelon
98.16386373510147,23.36217600806009,48.67173814431292,24.056642635728704,81.00530358691836,6.496219479489924,53.79928714252725,watermelon
93.38941306317116,22.38721147944126,51.98635589431956,26.111807721983492,84.92521854020508,6.914886150121504,49.78393035961231,watermelon
98.01060773986552,9.984520475265676,48.07655087356336,24.12700347755491,86.3353529361617,6.248535743927093,46.0831050897093,watermelon
110.83258086657284,13.180529579036348,47.421958920131424,24.507173247401116,87.74858402181955,6.129706257990027,49.07507520500707,watermelon
100.27720464308777,22.184747817142863,51.332834823329954,26.432162018835523,80.44751433926238,6.296440724779397,45.6026823755076,watermelon
85.84067622368433,12.229456346411078,48.097653141429035,25.565653385782436,86.63704478926256,6.381100513611814,54.38940462626762,watermelon
93.4466135431832,12.25709193286901,50.411880558570246,24.071149080917372,80.79789123634,6.417969543586527,58.85825422783513,watermelon
108.86047119373694,7.203164237513944,53.46318012780874,26.196902311824545,86.10946525702653,6.820292960609177,48.08219695485914,watermelon
88.8600420341541,17.800584727718984,50.48841755593474,25.614979116029737,85.65073791480106,6.948704918239181,58.044912461924625,watermelon
115.02868146235758,25.03542027271568,54.43428107265285,24.29548392503821,82.6512326144574,6.495055945654585,56.9306898624681,watermelon
100.2066284609093,23.70086848353972,46.38959905248916,24.75724143892968,87.31776095037672,6.164734008887724,47.02711869309854,watermelon
90.59465031254285,13.746542355561962,52.0832404907797,25.103541543428403,85.55263322607941,6.099931877054409,56.10035386469256,watermelon
94.795545025925,21.21335397583356,52.25389601661833,24.628982766335103,88.8467498495335,6.616224251606953,48.574502835029634,watermelon
87.29340734312878,28.55752344753017,52.55068204131625,24.624073688199747,83.37710774724225,6.809674258088073,53.91355326430678,watermelon
110.63137170862898,16.030027555323308,52.16476262642167,25.15948116859174,82.11262916938196,6.63267703484136,59.52027851197589,watermelon
92.42403885581318,16.524239805313492,51.740013710698534,25.624518846367465,88.43427795709049,6.761742706469516,41.16594407724714,watermelon
119.93684935695096,23.810061342986682,53.63903316294113,25.953593136286038,88.56285128046763,6.1123829749287095,46.95475671118631,watermelon
115.05683774417972,10.041380281672307,45.78242098580023,26.364356819835656,88.35486155643297,6.1626522181899,57.08691965565431,watermelon
107.47071182388679,18.002067080414598,53.30250192781385,25.2577477479569,81.93993956223397,6.284852676610614,50.1032803658663,watermelon
101.25323170692702,25.13952066103084,52.91352723652334,25.744099671613725,87.80785483365476,6.191773458293671,41.001290541865885,watermelon
114.945352905388,6.888862344069239,47.466884297439975,26.085956848873153,84.09447937627309,6.8763139699155085,45.95959589324539,watermelon
80.47485386677437,12.516391014018602,50.780750491848316,25.12781512620988,85.34872755758755,6.876598118835019,58.249701084607366,watermelon
90.63896258616448,16.553511831747517,50.49144015241451,26.84733737066474,89.98617319164384,6.235407248841526,54.53959742691631,watermelon
95.12124248932781,5.2027049221553305,45.09252522435902,25.381698022686766,84.88334913004334,6.022569696573442,53.73854833548605,watermelon
91.76013554379813,18.997327538398736,48.009190731654186,24.50140294460792,84.07173738598875,6.232273364790501,50.69601953838336,watermelon
87.9531412114592,17.710149416115677,46.57378514868868,26.012924128457357,87.53937684441424,6.1103942342499336,49.35604824074679,watermelon
82.83486802619494,19.954561138550062,47.64404297929645,25.582873370516122,85.17461009384292,6.9243543461938,50.981664451374456,watermelon
103.31993918873263,15.041328144109507,54.49079603182817,26.331557728318828,82.85405290302842,6.844209585776232,48.6479272037018,watermelon
113.14668574134376,25.572201707337552,46.88870186762854,26.10342339415073,82.9064296930653,6.2974926699926685,45.92696153761162,watermelon
109.02272990239793,10.745651044813401,45.009058352460904,26.1457105604479,81.71184743835126,6.104482395307834,44.7503224118812,watermelon
95.19602089290817,16.897658186830018,45.44570040712631,26.91171999788208,87.16063053419558,6.323194065324336,46.37394514570795,watermelon
97.94170197473838,20.656120569075824,46.46373066588968,24.56678944129486,88.5943458283355,6.256254923889072,47.60389995950355,watermelon
114.85087403800469,21.578695734995563,48.41711879341688,26.05109863717386,80.19683215381414,6.735642660011365,49.74032081032479,watermelon
112.52728589137845,28.86594130016171,54.25788549494568,26.727795130366022,85.12169955933888,6.360142114138938,49.30070649461346,watermelon
107.59584013253443,27.099944421779668,47.069863030001194,26.75457947538511,88.15180231969889,6.978856015178234,57.60503546563375,watermelon
91.19749318767626,7.648897783601193,46.122410719915884,24.87366995573483,86.14183723984539,6.804320326097173,57.985006139631295,watermelon
104.9501353747693,5.140782818701343,46.86316776518534,24.299178611560105,83.6332447556901,6.501350993633746,40.86794357157122,watermelon
93.93911903182621,9.479491865633065,51.47070166258874,25.39281710797302,84.95317646933908,6.427691788033461,59.120394209731344,watermelon
88.58940500486253,17.916606496096858,52.36017368365336,25.67053323940369,89.29020885716801,6.3779683556412845,49.273516115463565,watermelon
83.54089260858913,20.22497777629821,47.88211968448106,24.480927118546706,85.44531292904509,6.532310263379911,41.51743282448095,watermelon
107.9286181397789,20.59430476627132,46.89017282746497,25.40830458646213,87.2032291647856,6.529435740541277,47.909781523671406,watermelon
92.89353832323775,20.25984666610134,54.391086983102404,26.01523452143245,80.74745903636315,6.460684973482134,57.81648263021255,watermelon
83.77849703204348,29.721892803438582,54.490693936454214,24.23482344218963,89.33413320449554,6.363132590259462,56.89418334151725,watermelon
96.73533350853086,16.021377817562897,51.34243090977542,26.32343225782795,80.33789150948249,6.593155995527134,43.73465988194742,watermelon
93.83798071452811,13.699216653880413,49.690603402211536,25.00240923562852,81.07361118450667,6.145628738525452,40.66875971122195,watermelon
98.80996341315017,28.861192371324712,46.15675223648117,26.838793479009247,87.33361514732094,6.6374988029341635,52.905555106471255,watermelon
113.06910593585128,7.672996609495534,50.04754323565542,26.091273414782275,85.86820445073563,6.832779071023294,41.44543418022703,watermelon
107.62804157996663,18.35069325961794,48.791608639799435,25.020824946702092,86.20832632774193,6.890995374644265,49.923518522022306,watermelon
112.9889265630768,15.053909546099188,46.02394462793177,24.184517209375915,80.51334371323678,6.38015014195767,46.74475501671684,watermelon
108.71748094490277,23.570537539621647,45.5085396883374,24.663369788667044,82.74261850158899,6.54761198414281,42.89030447813901,watermelon
85.35764877600002,28.59472223019895,53.04202907297781,24.54196470627351,84.0656780790549,6.355621999257566,55.820081481308144,watermelon
100.40851665912488,8.196243424836675,52.38992063156244,25.190663934674756,82.62924247632147,6.37549862202072,49.955131272137926,watermelon
93.72462065668037,11.047644314793946,48.985020288039806,24.057518732249694,87.72497846096314,6.170944893567586,40.87809227261275,watermelon
106.14794771620316,24.348403220591806,53.138291315928434,25.4805275479818,82.05368184689985,6.737227677249827,53.99426154308674,watermelon
89.85082936412692,27.585193896569823,46.04371458082829,26.948064718773978,88.60247810977465,6.687898645479075,58.77499776559666,watermelon
108.89244673294832,9.761424925751149,49.421561381128114,24.214509072994908,83.89657422288116,6.741603019737209,47.72886701861635,watermelon
93.21176701872537,19.8838930627578,53.72204528998895,24.142749577638337,83.85470434699735,6.158240741815263,53.90708501463739,watermelon
84.22898241724539,21.620193964506115,47.86180870797907,24.596750441211675,89.36352557824985,6.018524576745956,48.75554543779138,watermelon
80.86507969847175,17.089826202608226,50.010473777944185,24.96498741418424,81.32161777525023,6.376387537734475,53.445258798651324,watermelon
111.29583234577836,18.268765059703558,50.89834394439755,24.60184911337396,82.87330333227649,6.161895610052358,44.985907000092226,watermelon
88.99547120902128,17.98621965978094,50.626887557907295,26.834842262464512,81.95570647101523,6.641675710161496,56.34518537975046,watermelon
102.4096585513221,11.375091312526893,47.625502300200004,24.117759159213,83.05444226548482,6.74460367900338,40.95035514414221,watermelon
88.77181130019322,22.65581246329455,52.82651562822877,25.365955230185786,86.98074338478649,6.387952168654892,43.19826490048255,watermelon
95.92597974091626,19.49919550507857,54.4805328185289,24.206252856266033,85.07394093844961,6.328919778210724,50.16623388553389,watermelon
80.95901789506127,12.825633867539533,53.19868147527005,25.661825201563914,84.50582492816118,6.285525071715339,45.96085045582712,watermelon
95.32405734362338,25.88926774911401,54.67213206808268,25.315966144051124,83.93352838747762,6.846550775819863,48.53810641272607,watermelon
102.08072689182605,10.773541614968611,52.43502535779075,25.595964954812345,88.09034550240341,6.78073273002867,44.30009536540057,watermelon
108.62542202231049,25.001360198784283,48.46107240782395,24.517827338706823,80.02632155579589,6.450903653093148,47.04865463077683,watermelon
102.19639335301636,9.701027314719644,53.59665547666475,24.77326564688433,82.2642960508765,6.480714056484356,49.977020474885485,watermelon
88.60340915140371,11.796518168147895,46.69705239155245,26.1553805349695,87.70089031254082,6.462328497459283,54.28174045370035,watermelon
109.43741567749782,8.456888191945215,54.661780248345366,26.46309584128929,82.04483461195824,6.18616503574607,42.513222911591654,watermelon
85.53514250167673,23.704044975717405,49.69654256951624,26.3488025182196,87.46254894350206,6.6046127135052215,53.72733213157359,watermelon
80.73422897516568,12.794441170125548,51.378221792594104,24.02803486045873,80.32976943682593,6.851887982470383,53.680497233841436,watermelon
90.61478932481376,22.199071002967724,52.924566691392634,24.920382849330302,80.36037377499187,6.932779124687735,46.90359676591261,watermelon
84.25927053138825,17.296421784828684,52.68467795664134,24.66494194385268,82.69490050133363,6.242714986798584,59.83346105663357,watermelon
87.8961493492217,19.3880054241531,54.25264641656965,24.44068970663334,89.708541978677,6.947477234395625,57.691439741165254,watermelon
88.5822608532001,20.85137640027458,52.6089147296124,26.958083784589288,81.8042382208137,6.766025899519296,46.77602339854226,watermelon
87.0250586227201,15.534423530346373,52.938359121486165,25.394549411112155,85.37523100203049,6.995159410200121,47.98218599114852,watermelon
104.61603018836959,14.131105040384297,48.92785646328705,26.086922260336223,89.37886976094883,6.542358950492321,55.367998578975595,watermelon
83.56826235267856,10.278950935798175,50.02131640919532,24.060035170886323,82.5285497876256,6.517401289824966,40.29922396512602,watermelon
90.58185144904166,17.850770486896735,50.73149247981246,26.777255079165915,86.45345623250608,6.414735802529994,58.60702354266135,watermelon
111.39531933551177,10.00022302781869,46.308423613488195,29.027434907228198,92.79941582788491,6.631738891034204,27.388050500786864,muskmelon
105.00846135430061,29.659554290722305,50.33589730110408,27.33931726950516,94.14136782407994,6.201482689876567,27.773021481439184,muskmelon
118.28428384000205,22.41988784910853,50.96030160949801,28.38115852702512,91.82204932997702,6.282403800777469,26.363727057095907,muskmelon
110.05092467750984,21.962926737110358,46.98410101193563,28.481961540430472,93.95820036091531,6.380563262551245,25.36623279735494,muskmelon
110.84544192683289,21.531632656627288,49.09344920882393,29.686238133582656,90.81283534331739,6.79641315887226,21.188525784762373,muskmelon
80.59799884416955,27.25047252871912,47.44953508365956,29.18909888234016,94.05507687466034,6.687189112825694,29.915942356641665,muskmelon
91.76158840159997,22.75608354818148,46.153998582808285,28.22042787407055,94.23985846656295,6.294126436847287,25.91095380535614,muskmelon
100.15093774898537,21.148788277801128,54.728943893876945,27.167206579504207,92.86980758750815,6.6904230234002275,24.813827117484273,muskmelon
83.14108743766292,19.013483810419274,48.320738908238205,27.464825356013808,94.24517256641737,6.417279610392897,29.332764123790668,muskmelon
112.24066018412276,22.324294844341683,45.050255033653116,28.28347036991475,90.98743140826016,6.728638328839094,21.7458398467636,muskmelon
91.44240206637141,17.92091919336248,47.63363618998079,27.629594031837364,92.99549662551377,6.071143618204019,20.581677587209246,muskmelon
94.88981180744285,23.01661136269656,50.54806758273948,28.268629405400336,92.8287578211229,6.292361187722618,29.36146335432113,muskmelon
82.19619563643097,21.83478697574588,53.9128266482775,29.41165412620576,90.92020517410724,6.236741079184231,27.170479387071047,muskmelon
83.37082236723062,25.296542495814602,52.1890694460479,29.18881994770603,90.50120685133795,6.574208435852984,26.7981812521997,muskmelon
113.23689963287401,6.039898906411738,45.231106684677926,28.119021299635683,90.74394141924576,6.446707582056177,29.17348901506749,muskmelon
95.65918921336063,26.123759431815103,45.00240874517866,27.505543930377552,90.15211769827043,6.2625177444120546,29.081895956965027,muskmelon
83.87808494395951,20.16024441859501,49.51495939119444,29.815404637097437,90.61259571268548,6.169622280401783,20.295419686114933,muskmelon
97.35740998525495,11.945822489116356,53.69905933890321,28.814822439593264,93.0704536898785,6.425528557505042,20.918503372292008,muskmelon
97.80074734901422,29.98762974271291,53.35229290846015,29.680377162501347,94.1161317962325,6.082433354744786,22.274482540647995,muskmelon
80.12486605425639,12.587753121952787,46.086074023464924,28.41838003590475,93.38563744286951,6.699604236030462,27.492171650908983,muskmelon
117.54342383114022,6.34745725984472,45.12179835416541,28.984014341508637,91.44676205111124,6.202800812884618,23.30887087693794,muskmelon
90.79184231569457,17.785910157539682,49.40148447224132,28.53728565412997,93.36356805750218,6.309704407176919,22.513076871421568,muskmelon
86.64802147234982,13.736852988315638,52.41806475246172,29.27011473033441,93.33452693342105,6.187222540245499,25.88086245854698,muskmelon
102.82758646307391,17.106654952743135,50.49978986383864,28.475371897871003,92.82728183037054,6.572404763696903,21.0962819440344,muskmelon
109.98503008596094,8.397153753189855,45.666279984103745,29.928239058664403,94.7849588443522,6.048349235952451,24.43253441474962,muskmelon
87.449797531991,17.133622428360454,53.30177242999587,29.85183532422867,93.17126326725769,6.2831245337694535,26.033255656445984,muskmelon
92.48005224433801,27.74559102080151,53.70400463105837,28.674695250838983,91.62399457690181,6.234711740466382,20.334179947050593,muskmelon
112.63283404101182,16.2595803259752,48.251329284002644,28.413331064993262,94.09368995227327,6.099691366166017,28.576559882418273,muskmelon
115.90035340433417,28.667697875847203,48.97487992422628,27.651421212113014,91.86820409233349,6.266329676985123,21.7615391250286,muskmelon
104.29066680405953,16.915604012715722,53.65700992324004,27.096328741446175,93.21933963777563,6.610359102809249,27.594865691883072,muskmelon
115.442958683821,23.22584357073735,54.27810061647696,27.997969799462673,92.51604708375771,6.011263730626313,20.06957587303291,muskmelon
89.6050648180608,7.520179928477131,47.60211367935754,27.53112988358519,90.14260012419324,6.727443317124839,20.082231313888915,muskmelon
109.44328577348341,8.803697172987913,54.122296219996,29.678387818769657,93.26950573184628,6.537787319840484,20.053391419696887,muskmelon
119.39486264454408,26.94581508939536,53.95106225730092,28.977733611152615,91.72393464327268,6.714918919272384,22.915169281511922,muskmelon
102.50846173368811,7.49327430859706,54.2195563013275,27.42231137331364,91.12448402865203,6.446507326502572,27.640930002129814,muskmelon
104.77405223745195,10.803347820003903,45.0094304252749,29.271451740922316,94.92603662955547,6.647930496244872,24.60206618156615,muskmelon
116.15069045596427,15.24619182795875,50.24934084243468,28.43138930218705,92.23811936332763,6.620152615435124,25.26768907269492,muskmelon
92.66868488100864,11.453954191461957,45.37747316967433,28.74958548564914,91.14980707700516,6.118507137613107,26.538299638276776,muskmelon
107.24837031286195,23.803872306441647,50.03576896338591,29.68216381561166,94.68171376699114,6.645896751833991,26.35593482008187,muskmelon
92.14883814364755,29.57362304050553,47.741361671919385,27.60797076597129,92.21077056893292,6.045472456569911,29.784944646717907,muskmelon
103.53734225665698,18.92380229160438,51.557962798997195,28.49107094333162,90.16031758547271,6.489849031072318,27.161738769564305,muskmelon
96.66996242496212,23.93238930177982,47.270012993384206,27.66382977319855,90.80708493843787,6.297595807831329,28.470120353890835,muskmelon
113.11648248596256,14.570605199087595,50.891187359802366,29.162448949424746,91.20603387314011,6.134512868715798,29.720959932123108,muskmelon
104.70229252838473,29.535393045841598,48.37755987132229,29.109095099922396,91.11301818270618,6.2089601370191305,25.11902121269624,muskmelon
92.78472502032285,9.19053909601461,47.62880701989326,27.107245183397595,93.52211810738743,6.393693325668689,20.942430664045258,muskmelon
86.86775972513965,7.5633634528161,51.12592808275876,27.28263109083748,93.77141166517607,6.016408735456313,22.49375787995892,muskmelon
115.62666703567629,22.96328295305615,45.72968332925688,29.46337831345554,92.46517560770103,6.677426421735063,26.007397744503933,muskmelon
107.27332128131435,29.837539009892705,47.32335545924018,28.871836724284165,92.301606950287,6.031561562338153,20.14470641502865,muskmelon
84.76914311271435,21.227293513463703,50.67163087913392,28.66028868349118,90.1592838126413,6.375442397088006,29.246228178425284,muskmelon
95.90367477242586,20.623061744711407,52.79818675623144,29.351775837425663,92.59640041197636,6.686361556321869,23.91378093363747,muskmelon
115.54772859139193,11.005679159888633,47.80216406990571,27.159361872597003,93.97790918271141,6.333644188986164,22.29116613911399,muskmelon
89.27161110466318,27.534998530730828,53.33916600461037,28.66059265607155,93.0805540020786,6.379460456440233,23.91666542878809,muskmelon
116.61907524873325,8.140317588007552,49.18446789716228,28.033685723963625,92.49075360125575,6.36610549963614,25.188895316510816,muskmelon
85.59675908907977,17.828537537831927,47.42418813887211,27.552994046964574,90.32417109393096,6.6101220470049125,24.2744192085656,muskmelon
105.06574733247034,23.189833582618583,51.793166653135536,28.411502157269048,91.93949264475864,6.300767927712531,26.400487969300563,muskmelon
99.79177419767494,26.228306199712765,53.747019843267125,27.511681134019554,90.68116825772863,6.504320740828799,23.012257480622793,muskmelon
80.74282875060395,27.216066734073877,47.26900767243808,29.787841955057427,93.58717225439126,6.610122791929188,22.014614957931606,muskmelon
89.36777702467252,18.031693845601644,46.72099852649862,27.916295078049096,91.60731238973902,6.127703946602211,22.051828333951608,muskmelon
111.54207368033026,9.17989636368171,45.28457391843922,28.888064827886815,94.87991559696225,6.264971051698497,21.186557031962522,muskmelon
102.81549301470123,27.658855277391154,52.84061779828479,28.867547605238148,91.575282483038,6.433504138620976,20.912448413042554,muskmelon
107.1578169712268,23.12740047244127,54.65031622909919,27.781192076235214,90.09228209521511,6.436486771541721,27.067905043968146,muskmelon
111.61629903531951,9.843473325620266,47.617528690370236,28.53777277580189,91.65300404985001,6.688409189269956,24.737601537387203,muskmelon
111.98314576408012,19.515494012058845,52.73090141617112,27.998018959590972,94.15708310965155,6.219657852440817,25.46098808003291,muskmelon
88.56028452695497,16.888163040654835,48.181752095087035,27.800110291911643,94.83492509014019,6.128059284389384,27.87325837457395,muskmelon
119.3665983793286,5.497537093501946,51.99027414042095,27.758735416668863,90.20243912164152,6.322311663165305,29.352178101708752,muskmelon
80.4706037746799,19.697142298244543,50.01396478595324,29.620152493113142,90.42000857260312,6.54522082390932,26.801096984332773,muskmelon
106.76320067449133,28.558362373375925,53.2308752900688,27.12591817873052,92.35541425352257,6.318362444961067,23.10147221090802,muskmelon
98.0534690061639,14.604854623149436,49.32333899878665,29.937785596825925,90.4431648737479,6.7377846958709835,24.802367134710266,muskmelon
104.94968981998164,25.754574165442346,48.604630291492555,28.2912657242639,92.04759240139357,6.299784818028607,29.25529321646895,muskmelon
113.15719564772048,7.724999746574403,46.08123352477096,28.283608544558973,90.49328688366404,6.4952744762168955,21.43691607261734,muskmelon
100.89493055867204,5.180498675092943,48.165963484126465,29.031572171017967,92.42019470113924,6.782615588799191,28.74103796066211,muskmelon
94.36283116172605,6.137163536806865,53.45626300115019,29.733702930944013,94.10313696709518,6.102359952735812,29.979151344122876,muskmelon
90.34336886211095,23.105122820209253,54.080348763357215,27.707061342992127,94.54129277338534,6.2475852633558935,29.764132223840562,muskmelon
91.25040081521898,28.83589561894588,45.535446508926746,29.127816035009438,92.66055566918502,6.382301661698184,22.2349431425584,muskmelon
108.22383159105968,9.770237286157677,50.52841795984768,27.759736089120754,94.77810689890678,6.0229049550685225,21.997282801112366,muskmelon
89.69242425549791,15.351695644195411,47.32730241870053,28.474047270806356,94.36232761629269,6.569650737127336,25.79961980535111,muskmelon
83.56012711930718,22.34980270973189,46.664142843109396,29.359102157885093,91.25028379255076,6.333638982656721,23.504702023179277,muskmelon
114.35255658699427,8.163611467835203,50.65644882384789,27.426184828329188,93.52397918066093,6.724062502235585,24.346076538672534,muskmelon
99.52369041059903,28.185570912069057,50.209913886493574,28.462795314148682,92.89164551352152,6.5513837890903615,21.068833750870315,muskmelon
112.84442110966064,15.887625686331482,45.723485098974855,29.35854800759464,91.88474985843136,6.080293996076043,26.337790395432506,muskmelon
115.20525413734566,27.193837735349657,54.57663474808973,29.603116379300065,90.01070459672738,6.304192933130712,28.185425799055032,muskmelon
94.65012023993897,20.038712659492653,51.06316947374532,28.09507591211647,94.52236963640644,6.402582676308894,24.64784205937501,muskmelon
119.90054982647584,17.337509101815417,46.78398251928581,28.539208268590315,94.07008367759965,6.621488261518625,27.88581765108471,muskmelon
108.32095135991648,11.355445726667206,53.62084085840232,29.680330396128795,90.97076348309274,6.104364509241115,29.75604968589112,muskmelon
114.73295854601471,27.330903680248667,53.863763846243955,28.625060472101186,93.232008683329,6.436290281706913,20.51206349190329,muskmelon
109.82012341411091,17.63330083339701,51.477090747902295,28.507919414926604,92.45905661161228,6.1374312875822135,22.78713715141149,muskmelon
86.35410767775824,9.891657390633561,54.72977380420305,27.459340337316597,91.34635212152604,6.472471726190868,26.10178576236642,muskmelon
86.15896518975316,24.84293564463031,52.85202867912825,27.711953112611674,91.4433315133773,6.750390292367597,28.25671445979478,muskmelon
107.91188132250096,7.055830537765013,49.182640809025756,28.677905616230483,90.93705643991889,6.358581265686579,26.0102587748869,muskmelon
93.09506720461597,24.52362047376218,53.40449581638806,27.97082840830221,94.19328577246229,6.082861252882412,28.377290986226562,muskmelon
86.11001726670466,7.073178812743151,51.41775404441011,28.41581209726588,94.53945300206416,6.29055135687268,22.871522634376287,muskmelon
100.02939624576794,16.398654644216535,48.44428046217188,29.081223896094986,93.79780916956955,6.682387175224109,29.728566047103428,muskmelon
90.66624768530018,22.90233706224904,48.94258235495745,29.031245915853326,92.3799084517461,6.795018482214346,27.2890213579075,muskmelon
118.09965201737299,25.874238737029643,54.02901011163371,29.443257591644024,92.29579565187956,6.201430762677507,23.703201754505223,muskmelon
80.80944930559802,18.09982918661668,50.050578002704086,28.575751394491466,94.87015612486032,6.729163202763871,21.61712778330108,muskmelon
94.75530086223557,15.598904486581548,48.60532917851648,29.39548789081174,92.62018834933794,6.4576798535773,28.530135589879254,muskmelon
112.23712613661434,8.305288070507492,52.13914584083634,28.306308386706107,91.4732445153125,6.040015056721749,24.87249560345451,muskmelon
94.21746722898126,11.28782599191002,51.94671729596958,29.30845616194676,91.22394759514712,6.039557949343478,28.48752700565235,muskmelon
80.39838964817213,28.4278123480368,51.27619873982706,27.96553990560396,91.23238954788368,6.00720453141158,22.35471417010877,muskmelon
85.50913206068564,20.30415551807864,46.665455885938016,28.585889512609857,92.95058211172235,6.238433358677532,20.350649490187187,muskmelon
20.74507761228392,120.65868330484794,202.39124667136545,21.954029114442893,93.98150092983832,5.931732823842849,111.3249525207491,apple
30.257652050191474,137.8257864093776,197.73502865829707,21.364762048600582,92.78028667595731,5.8269776232427395,111.06228284170093,apple
32.93893416674611,132.35314352853177,201.20278817100842,22.632600006340883,93.6989818596805,6.20593661771162,113.35474729521547,apple
33.57806041719414,141.8389900568153,199.32271287788168,22.23828921824638,93.8212281042619,6.082553837041994,101.77516950556472,apple
37.84224031382163,120.769577555941,202.48396356209744,23.27638242811294,94.76555542640965,5.554134408402321,114.92142151961227,apple
28.55681141254106,128.26582387148855,195.90318560299073,22.687962359013927,92.39520362837307,5.604554458151024,115.31223767742708,apple
34.75906240505877,139.1819575263412,204.05373188262428,22.228412225666332,94.76536384311069,6.365429405082686,107.41253927559848,apple
23.18566074698917,130.88473490320033,199.01898707955968,22.72715791599361,92.91693116163874,6.249986984379976,112.74724870514025,apple
22.09645281881531,141.45728338882765,198.09764583185188,23.913892380919776,90.58930054339885,6.458251172232504,102.27529517206293,apple
24.62072275894119,121.16449855216354,202.05113146638996,23.550896209715376,92.1703554090799,6.42852207504243,114.75747679388999,apple
32.60014270893046,141.13548004251925,197.96800205051838,22.06279716398288,94.52975959597322,6.400963496038764,124.41206940502177,apple
38.03676632883342,123.18430090083402,203.23724286136988,22.229515434328782,94.9540067797297,5.972280964328801,113.84590206255551,apple
30.59549830513597,128.04342574645693,195.7502208889292,23.686953691205755,94.01337906263143,5.639526780559669,119.41920678375182,apple
32.5169333210122,130.22859469794057,197.54021149095564,23.579186350506696,93.50094129647026,6.047739909469136,115.2392133474616,apple
21.82132364164362,131.8479940227798,196.937002927857,21.625151037026477,93.30651981143433,6.411256151834288,110.09391526195867,apple
24.154985460243807,136.21867343091634,203.71187046350317,23.24495640336747,94.34378615268294,6.0365546710108,118.79690610922978,apple
22.80129118717873,128.70686538407978,198.89549164481522,22.533887238738103,94.64538180128412,6.374296560222175,103.36313730722961,apple
23.455793037649265,128.9410137397228,197.90743865890673,22.844312859468786,94.51388023882272,6.462291541672586,116.34007381338066,apple
36.76318402802173,133.13005500576992,197.0832694686004,22.574065236280433,92.77541300718826,6.242457564213557,105.49707474268372,apple
27.366207641734633,129.10068673036415,204.59439595741165,22.331834880980157,93.77546983649073,6.250811381374439,106.63860462008104,apple
31.437393787434644,142.3575723329662,199.7519771945695,23.835352522027637,91.07229114662081,5.574159105774031,122.28634682861873,apple
36.95362395924433,144.81474689834613,201.79393488112427,23.81006378000145,94.13474512542055,6.3444263331200865,114.2285392613567,apple
27.647291958334215,143.36395181358205,199.32117175615895,22.616458101749007,92.23057153562594,6.064818313960197,111.76262697480819,apple
20.959351171589518,142.05120465019246,199.4439381891577,22.766830945522045,90.69593901378994,5.503387847982639,106.13225234109107,apple
34.091720642667006,122.47986325282197,204.08887440386468,21.645067708068552,91.02296807145888,5.681507961621495,100.34954282428411,apple
35.43610936956469,141.87586328113147,201.14162702616198,21.564599945039586,91.4263899847044,5.975926697364963,123.85864879058252,apple
24.94702743635486,138.2911475979972,199.3944822329292,21.893542045080064,92.27957968511056,5.571206717541233,119.96718427325906,apple
24.866038559659344,138.13530307982427,195.68348371448195,23.86529566849706,90.9650749270285,6.38274207620708,120.23683024038586,apple
39.357198481628316,131.94726652364375,202.2739729384595,22.112131971113353,90.92184119009846,5.943075932933449,104.14372538471137,apple
39.64089245572768,122.40616227851791,200.8921172345262,22.87939156576217,92.69039771437028,6.162185885711834,102.90451937529727,apple
31.100370484105824,127.18031427818404,204.40176063301055,23.286214960319178,94.86257241079872,5.537556069740189,107.12832937951772,apple
23.90845173276698,120.27886468279576,197.4232573024632,23.036327950561287,91.15544461067284,6.009003445482618,122.19545287412497,apple
33.875158406981505,129.8657267476508,198.7246893891211,22.367207442025453,90.88520720529954,6.134000767415988,109.10382047761513,apple
37.04730698524087,138.9138165014454,201.1051316409216,22.092606667948548,91.04965915836742,6.276151864105623,112.16022747477716,apple
24.49500076354715,124.87936537600015,196.6540090450136,23.331483588616784,91.14493592650156,6.026642263525197,111.2886590243264,apple
31.59221798456568,141.92887250927987,203.67747390081732,22.35322821547458,90.07683125367362,5.926443805714303,115.15483843560351,apple
31.155295181961236,136.28340264500514,196.54075732473083,22.939605296342197,90.91325809371887,6.250523980696749,108.477190331567,apple
34.19790866762907,121.19663997265268,199.07860025590912,23.115103566789998,91.13435258165747,6.295287044797223,115.7694933276233,apple
31.751235442995966,128.83872135510842,199.8245147038112,22.79204790293356,92.36231056957445,6.19831332394056,110.84242332767398,apple
24.04546363484061,125.34834457002619,195.0580376884294,21.90287314667602,93.74458820239259,6.294162708837609,105.06168855239375,apple
39.18087993742816,132.56006983700317,204.16978749018503,23.12029584558489,93.61216711511207,5.585043621306071,105.49977817242326,apple
20.176296665889453,137.90319101191844,198.4443828842851,23.35995754822904,91.69468109968513,6.319333752298861,103.26745634370782,apple
23.467463135150165,128.5219134895984,199.08487388882273,22.046108432528936,93.8182351626161,5.596951392626715,108.7804254909622,apple
36.74479999030919,121.6699269315543,204.4234350767136,23.95895052681604,90.4428408691254,5.791272522255737,109.31001665088391,apple
35.52782737305452,134.89817030291834,201.44365700492568,23.272529468455517,90.58989499718513,6.333209456910263,117.6404951045036,apple
31.546834503927407,142.2433833695764,202.00306353883806,21.605099887893076,92.14872690537834,5.994042866935733,101.38044066876014,apple
39.09275026720111,123.21443151992196,201.97461267226726,22.51869310827264,90.1281612494221,6.424747475864361,121.29592022047333,apple
30.485158558076712,125.72355840348614,196.21622890680095,22.09017743829638,91.27714140523045,6.006691201006299,124.16023240308573,apple
31.499069864592826,142.24827639725245,201.50878837495776,22.4257395797616,94.27303781366686,5.971368110172998,121.71570426275903,apple
25.831535391515306,123.2203268440747,203.5531446436294,22.762245491378,94.4454619912448,6.437827206992383,101.34070975928623,apple
30.019386037177366,129.37411372686324,201.25858397070118,23.38077359160697,91.40295107987184,6.056798384373172,117.71821449762248,apple
22.68862165671468,140.3516726487817,201.06109599852974,23.848612311340954,91.69764459565347,5.608145942337199,112.66253002592313,apple
21.716215434188776,144.23816308310018,195.38684958257193,23.260511703321924,92.62551199071122,5.868620652498288,101.64605411271637,apple
32.443338483472154,134.63050823477388,197.808832730676,23.730665104230937,91.52055003671418,5.949725410592106,113.59406139796639,apple
22.004637563525723,143.3040429803408,198.7453615245104,21.24233764162303,91.93645586837665,6.1002025470925805,112.84131679553323,apple
33.890839480745484,121.38709855169776,197.84540610272057,23.457691730520306,90.3994684389568,6.355485954695958,102.29740230192766,apple
36.68908429783393,129.01971002696817,201.12209063257217,21.458661346943995,90.3308436086259,5.715938204020135,103.19634544771739,apple
26.248117953592637,132.8595811627755,200.8875946356501,23.369604322139228,93.28119946624179,6.108758325129553,110.29455068714437,apple
29.476168699202773,130.3630207347545,203.42166030061384,21.6900013576452,90.02860465770982,6.151319897226239,105.06155459097079,apple
37.80230272619619,141.4761582426664,195.76727371928206,21.319165216242233,92.47585796123333,6.109222662769355,106.87270843705602,apple
34.33595433398742,134.87290052297178,198.24824109748556,21.076114464126945,93.75075140649258,5.714753665825083,120.86184358656571,apple
28.4058052010851,134.42693606579414,203.72948730409001,23.59086900275986,91.85759787621787,5.708888892714843,119.37865194321486,apple
28.66160407204262,124.8010498389751,204.0442534231715,21.594312582723262,90.12903584095615,5.52027997376742,115.55788391135661,apple
33.23350121435061,127.7760426264246,198.20010989247064,22.018481745179827,93.40079273379439,5.558133791026829,123.22790881728314,apple
24.45042088354893,144.9918301310523,196.71522693787188,23.314639371937133,91.11706272464812,5.580846801643254,121.87333310876622,apple
37.17502518381784,130.08925981124003,202.02396142540428,22.67119779805175,94.26478056836875,5.815055969318655,113.09180999997463,apple
29.707447424091008,128.84764565642146,203.91455064556374,21.497633773987605,90.74754319760348,6.076909535322751,116.43735574962355,apple
23.892385086491302,129.7679360563656,204.46563842978745,21.73985226807202,93.34180351058697,6.240149393697591,111.20321748662899,apple
38.75051973519166,138.41641838046976,199.57924579860898,22.70800560532828,93.4630672171255,6.092190180429219,121.9674395956519,apple
27.137773245608024,127.49714350139513,197.13838889495264,21.113348904193785,90.21506982190027,6.370055193109283,116.95982866014768,apple
33.21064830872972,135.36607047337216,203.49219144694104,22.44080077699688,94.3520541427915,5.8594450261822395,123.16768760847727,apple
33.9731396016248,126.42942840061067,200.64084921688624,22.599091684464767,90.68949410865167,6.091242905750614,107.86964059292394,apple
21.046975336192048,143.71640394266413,201.4149036906429,23.63075679561254,93.38028002506627,5.856983692140113,112.81720180822029,apple
33.51493520694354,144.00630813003593,197.53669459121696,23.624931175872355,94.62038902647134,6.1704155146589565,123.28166568503345,apple
27.95757174954737,143.82540440101107,202.02782877165976,21.126017302256436,94.53436415909526,5.984472809033193,111.50817461944582,apple
31.329332119592685,123.73461366928069,199.691660485674,23.49338165015324,90.07741229568758,5.772917160324371,100.0613646610961,apple
28.31422618299697,138.20788776234338,202.98771829114628,23.83556928338102,93.04252306485394,5.754626866652895,123.10369872841747,apple
35.506315077607525,134.36071207507862,201.95640215718936,23.77294906502229,93.56197014236461,5.8683745075847344,117.82570505722742,apple
20.805563254707756,129.66038904576453,199.0632303184558,21.500514703262503,90.11542740275885,5.633381236637743,116.36553739492638,apple
36.04577632727375,144.70508731817435,198.46363503108495,22.798137666783305,94.68572483407561,5.667041781338153,117.94113965856857,apple
35.099574662983265,122.22438839673346,203.61249385183066,23.439315141332532,90.16701503288718,5.591084414880052,101.22817234729631,apple
26.694870635987243,132.73222476699814,200.3234772795463,21.80300027930833,94.55798443280138,5.868262789871913,101.13875389913382,apple
26.004542230827727,133.2777355636039,199.08221822588231,21.821527557297777,90.65661624882159,6.31916450009623,124.90363105310479,apple
26.59084267047764,129.5405261044151,201.18037524676956,23.155324424206626,91.96014767401796,6.404929516981815,114.00009973072295,apple
29.00780152811862,136.16681882899763,204.52803848249172,23.383656883265118,90.20006565267562,5.832309910739959,111.76361712378056,apple
26.290351444182107,137.50468902076142,203.2626914986258,23.194035285555813,94.94666643414138,5.772547647893029,121.87473737561054,apple
35.33245330348972,129.05446893895365,202.3412454365697,21.31222786925474,93.94666741170276,6.032330602587103,107.30725431773133,apple
33.11554603568361,136.04049996786023,197.094862227196,21.091192244434577,92.16811293450837,6.069511869344421,121.91513195926495,apple
38.56433591295189,133.22013045391915,202.53803483768544,22.317909816983992,93.73041078286447,5.704801524939167,109.27661837008829,apple
32.6845599762723,120.45394914017697,202.22461310338954,23.506606503804502,91.99570830546976,5.947942417177164,121.28205530541328,apple
35.513092706520666,127.20373722583437,198.2397610656154,23.03663469717179,92.8159904622408,5.662229571096497,107.74824773072916,apple
37.99966553757308,137.20436091805658,204.8597431768552,23.301037589942307,94.70987216071795,5.716188573870475,119.28712187042314,apple
20.40435040295595,136.76900054278835,199.6928227812024,22.040280215760205,94.31202176146545,6.3542676926575306,100.55754262246609,apple
32.19010244898862,129.1958056080239,199.1566100150045,23.49612221765633,91.54919885763839,6.44304881063762,104.49084565930352,apple
33.25444846736356,136.80262667534413,197.52195161427917,21.974251826901607,94.1739924628997,6.261805254954952,108.22739700786899,apple
30.679130938698677,121.54200740632739,197.08745882398628,22.457461676581197,90.42986867639605,6.343332354891937,117.95015525269119,apple
38.872673412969895,137.33667264910068,204.40401372262187,22.663537667072895,93.00109305530985,6.476971054626261,116.0532286716065,apple
20.61573137721493,138.09506941576308,204.05468692137416,23.38674074938298,92.91916636312712,6.171303513093516,124.7547947312918,apple
21.813241770186767,136.68112071583099,197.83397694570593,22.92027118975851,93.0381178794197,5.653456832108162,105.16866614350597,apple
32.43259156086427,123.20574868259435,197.65180875130324,23.505736643214007,91.6354575300082,5.988060156269663,123.52850837864601,apple
20.67872722092366,14.74065043395026,11.064577755435456,28.883473237599304,94.50826693356353,7.373209481360273,115.53280148745246,orange
20.70827091483276,5.620233251064145,8.837739303556237,13.538721274695583,93.5519382371915,6.991695880238575,100.8794328324291,orange
35.91484447827378,11.218581657279557,9.322270754910422,26.69834338639356,92.14709393426126,6.661931704199915,101.31255990671481,orange
25.036088731500094,24.121197330499587,14.151763371865977,20.337428426584296,92.1179291343954,7.0539406594854785,118.85544002210554,orange
21.676523505984004,16.00360516344842,12.959732435523012,25.242339234350965,90.55293171981977,6.941599103343399,103.73492569194654,orange
27.755398351960103,18.227581691510963,13.762033622249849,21.562356850310955,91.39721211117947,6.346449522324047,117.48503753368672,orange
19.27527136045571,15.646714022078593,6.87173114926947,29.332601002859384,92.37186319987309,6.526715535835218,107.22199281252934,orange
36.305355168074485,18.844348857360952,12.178678511312636,32.42596290626712,94.50870838020322,6.492763581506795,119.0490252629277,orange
15.621897050365137,14.420889025404142,13.957988575088416,16.86592199542457,91.3654072516066,6.453933427622833,112.24626769693845,orange
25.958319390358845,23.168370908833566,13.949106425646658,26.854984373571515,91.02233360098788,7.399022853540753,105.28985746694957,orange
18.747357383203955,7.249181971524022,10.633837406661655,12.844061562016295,90.69387942056315,6.450045720893245,105.63306019368927,orange
30.105987758303556,25.418631986817037,12.613496562028924,16.562111367911918,91.2265524899299,7.448687295160451,100.16472483183921,orange
36.99301332650539,9.993212978060125,14.472843230897679,18.557682120687993,92.20175886946626,7.060680920916571,111.7533810294652,orange
22.94848324267057,18.845772896695586,12.307068843628862,11.058373647562302,90.05599652627852,6.687100408609337,102.63673235607028,orange
31.60860728661786,10.351311405685856,9.32851106795671,14.941773421856723,92.74241792874562,6.174080189076854,100.46213705574961,orange
16.27829095266743,28.85646103788275,6.422862186109358,27.71195632842088,90.33963102111413,6.162240528352774,110.1775250281867,orange
26.621773253858592,28.78950773599674,14.448354530207373,29.490216063561626,93.01050915063675,6.682440476089517,107.12357068656843,orange
38.67718867438889,20.072720285617137,10.790725276859945,15.797528044222872,90.23348908942556,7.417782869639317,106.27470517689308,orange
26.064725583111468,7.865998589642671,13.36924329909292,10.690795821398266,94.16995381049549,6.21042751918195,117.73128225262305,orange
33.24431593340394,9.116756562682628,10.65817992859468,17.81640785888049,90.89116549455792,7.288773299116663,108.07045533014458,orange
24.963592859134565,9.2471668701655,8.830656760857787,31.790421158221253,91.81564355244818,7.427405343749682,118.92617798416775,orange
18.62246648268365,9.432781338066121,13.626740703318891,19.81902297311798,90.02186991141505,6.410807729558057,111.9525798639112,orange
34.981649148999196,8.334715427331489,6.105413644167354,33.05231633930829,93.75574183911291,6.884669401167118,115.38373579991855,orange
25.721359032665962,23.961393682728165,8.718029912745358,16.10236431231506,93.64506710646484,6.629508438235902,119.6275420865239,orange
23.737129557702524,28.043185513276647,14.329625485670794,16.046323676618655,93.99110590794007,6.649611757716848,118.35049454460696,orange
26.25310681588097,23.60759293343415,9.66967409163798,15.695018892821405,90.99675064472343,6.638146791384519,115.1098931402843,orange
30.126787129519172,22.215732247513582,7.8232635073194245,22.035883648940136,90.22197632484664,7.226298623937181,119.79784324479749,orange
25.171976565616774,5.274091328288584,6.697926395509474,26.31317194376047,93.0603965910193,7.181797079378316,105.07768021922136,orange
34.09079788867835,22.199600538091744,8.228144977138433,23.63720370142405,90.73636904249163,6.678846755153374,117.62394679111281,orange
25.52978449563477,25.98916766188555,10.902533652596944,14.796917827558918,92.90553122348948,6.758974993735595,107.97282670392768,orange
17.99076098790176,15.417716596180746,5.727623762396271,12.469226284968782,92.07958266466358,6.458072222952696,118.51088651724447,orange
24.392645134506765,23.946453051802504,10.302475263662426,27.602141716058387,91.300579915077,7.412857459257493,110.60176993828848,orange
35.78310178213124,14.126142336902838,6.002113490505245,26.84279119302122,90.03879824168712,6.7129394648482625,103.85603805332919,orange
30.684387610884052,29.485496828446305,9.64402906320646,30.437456413141668,92.53892093475561,6.743760046656036,118.60846986357555,orange
37.249146718667035,24.64501162969936,7.962557533167841,23.625210393098513,91.11948616652842,6.665875047069809,109.68426131519581,orange
35.79100100423327,27.400709133124828,9.146200623964779,10.442611126830931,94.30886919894678,6.261418017752041,112.43763927780788,orange
15.62427251085328,14.987661881514107,14.859603021153498,12.517340027595077,92.11846575999822,6.460724925284929,118.10176246776528,orange
36.733502697683875,10.94246900765572,5.811877870504311,25.678459851527936,91.68184355941855,7.008126585909094,100.64239512135629,orange
18.334980879437236,22.159305819316085,7.123706553024977,31.43969189406004,90.29295443855068,6.323222974178362,119.97120496970138,orange
25.826902564669815,22.574141588616087,6.826630488570137,25.24671837463844,93.63053034184709,6.471714953799766,116.57794223951755,orange
30.085439461807084,14.728075240375755,10.576423933431585,24.419021185898107,90.82767646346933,6.60409855480045,106.86861176038987,orange
25.02256806447815,24.027764712131447,9.825384074666726,33.507903830981604,91.46838206679219,6.623555367427393,115.73913620958083,orange
28.650614833018757,18.675703660611195,5.533401630051835,19.964991567961395,91.35366866210866,7.499002684246673,106.1671014126462,orange
37.112413369846585,21.905843376011937,8.409164091920903,23.588359459353093,94.20267939974597,7.325052447046367,103.2078775001229,orange
23.48932853020424,13.380579505339291,5.4204479607594465,24.955943996297414,94.27410026496094,6.572361581738277,114.80071889968355,orange
30.692510340018497,14.39121838732502,6.410597994922971,27.733096319399184,94.2728258447062,7.0287817386022375,100.35756968069636,orange
20.40582235977478,6.736999622088298,10.703860995762268,28.91194197101031,90.5528959353433,7.257506730890078,111.11017956790967,orange
32.24922530354313,29.285046215216155,5.836809882476973,32.53060057444473,90.63051347993705,6.5894382099550235,117.02877392662228,orange
37.65635591844671,17.659291838628633,10.941046382754251,27.70368336496393,94.16379334226357,6.182266754306499,116.20138616458455,orange
27.03190376279042,16.265585627704226,9.238997519969983,22.730289631151066,94.72525276697301,6.822305659188228,119.06355076526279,orange
19.507253265391014,23.10339947081583,13.122395386087472,26.978220783371547,93.03461140113271,6.847219171629273,117.21860965157393,orange
35.5411649291125,8.057218029514988,13.48587657030878,20.351715486011063,91.26848414997906,7.304652852020888,108.64049599267483,orange
35.20911725442042,11.585090298896112,5.0392932142221785,22.38647982257361,90.50114128321442,7.131563933287365,105.5215027213882,orange
26.091141165086967,7.175839127288857,7.866592484472527,29.5372560814643,90.7579395595116,6.970739341690436,118.34851705609003,orange
31.995918993943008,25.27554223230567,6.089716293039158,16.26829565005136,94.47269426120296,7.072658420427134,112.79107652754622,orange
31.5941684030425,15.355013857616086,5.445566316176532,29.611038551768225,93.39356618107676,6.709206696169087,117.99519230736514,orange
23.403991624627473,12.358043605780898,13.727963250794428,29.92469136897464,92.57489905324172,6.196102109186775,104.30142942930105,orange
31.405699760220166,14.626030946010292,13.364731916659712,33.7488752333051,94.0281846263746,6.5663181344933355,115.77372858462849,orange
23.786041836767087,9.177502194140848,5.333932048658574,19.6429178190255,94.5177965184864,6.358479881633515,104.13026329859568,orange
39.245519631026006,5.625102821264803,12.857821503937544,18.03424889352176,90.1874397843483,7.376703810314376,102.79284660419167,orange
28.794482093142385,11.851355185738694,5.65192802184691,11.248062141584477,90.57778349418169,6.10705052083407,115.21116231039846,orange
27.13915505708573,13.572302283724492,9.183689101320072,33.223668389315584,94.55375906369073,7.073514720183866,117.69364754843376,orange
22.99120068969062,14.527733150207071,11.13712181854228,25.590648682431606,92.4084991900617,6.60098677265693,119.7236062321739,orange
35.528090652943106,15.87450494720113,12.272924772395685,16.739042331311488,90.50084663118665,6.528646538329111,108.05945600246788,orange
15.41342811401677,25.369800040897402,8.591934023891815,24.510454144503676,90.36981593635478,6.262495243125876,117.79387450655119,orange
30.21718819707002,28.75710125426214,14.987500343913169,19.29650288332736,91.49401532041637,7.287534082738645,119.97222854074909,orange
30.74103085581143,24.878518062788057,12.817458588152745,18.883492705488674,92.87135190128544,7.24958541189632,113.76227752522111,orange
15.529095349550957,13.417641722438338,6.444756965946054,15.824305301950977,94.52744738745663,6.055339933366152,104.39601423923847,orange
22.739233805955784,20.42210179915987,10.341016900858655,15.456737071334652,90.82120533611577,6.355197051894178,110.05059253403311,orange
21.779444642780085,28.690062540193054,9.638652214288475,11.469900413615926,93.64633202918317,6.4932679323134845,113.06977864116496,orange
21.9898592630808,19.268593543332997,12.721525048074646,33.20021854436385,91.30563572216539,6.502285426498472,109.28532840571879,orange
38.17937094339972,27.534671420266427,5.89878280100638,13.29824564384527,92.47754588665319,6.159928909208135,106.91161746697395,orange
18.70963445543694,20.901008878297148,14.494954317391617,34.918344257359536,91.87620566248458,6.898518955671919,117.12535307048162,orange
17.9365518199096,22.239110276299126,9.088436617250682,15.153654007004102,92.01376809373721,6.113940430447375,113.90814297178612,orange
21.318566718711327,12.78514112612195,6.210812982414628,31.616477847247292,92.46722139641369,6.8582203166796,111.3886536618971,orange
25.262327863533542,9.813247885953487,12.451327484983999,13.176406633941859,90.51936895139406,7.065217556394755,104.17674040903968,orange
22.669318783820806,16.880686675043506,9.493513167295461,27.71447812662498,93.11715896721681,6.966594243422799,114.28108661310915,orange
22.315318185586634,13.058332795011841,9.379977478955542,17.686554325838152,94.92468934485431,7.221077889632145,103.29309376512059,orange
15.139853897046738,6.069581706181697,7.440634510429253,12.857282145921413,92.66669057446286,7.286992834091038,114.73500441826455,orange
20.39022657705476,14.982481400644646,10.078942095312776,30.25514623758339,94.19560801553082,7.364577467861664,110.1849050100575,orange
32.35686866089657,7.795009280848429,10.65288959953982,16.217295236778376,92.15858442513306,6.951075762460079,105.13971875707563,orange
16.304626444919027,5.255846410218938,5.221595355445215,10.208743437844241,90.55177528278938,6.359233071855195,104.42443028364599,orange
39.66991485449742,12.65015263022358,6.274207833593991,23.63906360419395,94.28978727698754,7.017090565181513,105.921641782709,orange
29.040403994786374,22.87139935501023,12.281044923677424,26.66346138244222,94.35405212387809,7.305158187516156,111.57873118814007,orange
25.746409227780305,21.039257389127496,13.182120013704631,10.141302621029618,94.95998504507426,6.274340658493799,109.40497971319952,orange
36.80074337107167,10.626009976104985,9.767952239003833,13.314554504529479,91.97538162694096,6.265703182189504,107.27255497542313,orange
24.33660541981805,29.829269739958317,14.948130293037723,12.869656966515311,93.62984389664173,6.077618219503652,100.60384030674378,orange
17.63334735612411,29.13714142519835,14.408635478946973,14.84819550701701,90.80836167776856,6.360802629773921,110.31093988150285,orange
29.242615800885247,10.539835760986183,12.566227880899453,17.73882923506627,94.61065662764705,6.985084059685096,108.72702388607223,orange
34.747800042571136,25.44786565116662,7.9048160560894365,18.492863595902108,94.67977576864301,6.247111557544908,100.84300833925869,orange
26.35138306523873,25.030247506090724,12.716681063107458,32.98826572282081,92.6660033218452,6.1500970073498,111.77377948672031,orange
34.45989035883029,7.33320300674566,6.726574010975898,10.307266528891773,92.96826289723406,7.330101587918857,113.41326632004198,orange
39.55100218977455,6.575841312494039,14.030010851514962,30.351707184667017,91.57120760249752,7.460289827755878,105.7587549634283,orange
37.23261809570546,27.018714426854736,12.576576166029724,24.0867618453213,90.60001374808444,6.797957601744748,107.1359251130987,orange
34.8054258288838,23.95323016242112,14.106125073726052,10.370754060792697,94.04551608411523,7.407693079687004,115.786008982163,orange
18.25486149675917,7.031977621022193,5.208452398077008,25.718630645701776,93.14836325929943,7.4803705713273185,107.96086348208192,orange
23.297657122437418,20.61062317960981,13.256086725075939,33.419348738075044,94.01562083089519,6.640010970923707,112.69828470624128,orange
36.407483167902924,17.265242207793484,7.166866437053927,14.243085993696823,90.00078872289028,7.077356992471927,102.2219441769198,orange
21.09597749239851,12.446908288069835,10.603798601367682,19.94893193239423,93.37336996011581,6.083457988993054,102.47878388528879,orange
27.48028758833167,13.424119696170745,7.958133627513597,11.675701975938068,94.47859587374,7.037727879187576,102.432363136393,orange
32.60183830948562,69.37181333578107,51.81172550439505,31.766577492968572,93.50865520377893,6.756331786480159,203.79206250164367,papaya
49.11509222612231,55.7470689531212,45.110280842689,42.4576994179786,93.01653939194472,6.203153937189968,233.1167180785017,papaya
66.59727607081186,69.7296041091524,53.740565631389785,43.95347214422136,91.22343094061637,6.842249585199234,212.83594484711054,papaya
39.23761436882935,47.46093872502477,54.794205136776,29.216515581932818,94.35445895233903,6.004127154674604,44.41520951611646,papaya
48.63485234785473,50.96786709837659,51.89841283435965,34.87685083692704,90.38742898725246,6.162628296315717,121.490346712267,papaya
37.424162558217326,64.80555868109822,49.1607023555328,24.962069203692486,92.42171451136062,6.0908381810614145,67.07683413816162,papaya
39.584393281128214,66.48819263118725,54.24612532332972,40.35141231597345,91.67038608708924,6.272446441108832,155.32269506595023,papaya
58.87412642132449,69.83431970400437,46.31570711878926,24.035131979499894,93.47177944497635,6.8322257835039055,217.73324377194888,papaya
57.138541963086425,68.85039510297968,50.110047635445866,42.19011076506047,94.83906068495762,6.8471574570031075,105.04929828431032,papaya
37.84862604681181,58.703001624545465,49.530147503801885,41.43292518604739,90.50015835533577,6.257740061311519,197.87777834892879,papaya
33.79946579909249,53.019110350542505,48.87155394053983,36.07446972781649,90.79066322859683,6.86060449034971,133.98386944791758,papaya
66.68086847522227,56.69674784084829,47.75040258940734,25.978405402441172,90.01872547355643,6.532157484984836,62.502906354653916,papaya
45.66911054524713,59.73179403092717,47.756858969027,26.67971013968842,93.87360811304671,6.94679117228162,61.09248775101286,papaya
36.223612975400314,69.00031643131797,45.37784221812246,43.53027906755992,90.02322241542494,6.873668655651331,104.5382880074274,papaya
67.54355432709187,52.92363221588964,51.54306321534056,24.68068396508467,91.2116490572687,6.773679346479251,151.02402927255213,papaya
67.11876247148179,55.71878520853386,53.69812365813923,32.42806418704299,94.89624139350992,6.959834381398877,109.11870816677687,papaya
65.43694681667213,66.19028435539123,47.10680397327563,36.110098416448665,90.36341157794908,6.836710720583461,76.65463553573427,papaya
32.83258805543058,55.00547738847028,50.76922138599643,40.95325612975519,94.87121262760868,6.439492512569863,52.69385382690675,papaya
59.96462316103482,59.129331405598435,49.47891344844463,29.494646454635983,92.51199263921768,6.338679604457031,198.97249222694566,papaya
51.75574785970564,66.9211943538528,50.43543914649442,28.003510680138533,94.25545941116073,6.557219044930044,83.43661801014787,papaya
54.940312398248885,53.942919123560685,53.44405612292066,32.5192945115774,93.63220679053708,6.095536207636237,123.1651127234927,papaya
69.32965745889595,65.21150723692871,46.599408023669284,28.83304503902236,91.6490790442818,6.6503655604954455,198.96889949282766,papaya
59.981064352316395,57.746851407660074,53.10820537838151,32.17863973790698,90.61940282647781,6.564441841653814,239.98329076623241,papaya
61.719746055700455,59.46751619230606,51.46805660349097,42.54180256774703,92.1417139721748,6.331394138942637,245.2207286500943,papaya
64.53772534041335,53.07608961546506,49.637805973609225,31.71664070916378,90.74547839335717,6.9578193238132595,124.90561055614934,papaya
65.01316330551631,49.73390569201663,50.478708106372196,23.503189087609666,93.82110241921154,6.580913898246278,171.37381252864807,papaya
32.06883530218614,50.275958255215386,45.743308723535804,29.06720063188005,93.13719503841075,6.566185984317375,168.55146253881196,papaya
51.97005085511577,51.82571989189648,47.44507497344425,25.878253354268207,94.24535437451746,6.616479358541245,79.16731262585256,papaya
37.08837519284958,66.82589003815342,52.427308637633196,36.8473806780128,92.0343205376965,6.261975564278518,245.68466025369298,papaya
61.88958300091201,52.54448057840691,53.47564796278495,38.937570920908314,91.48540274938999,6.42655285424164,79.0502235321156,papaya
34.442097775124374,63.069050820992416,47.67511857353867,40.22124668067133,94.97804355757214,6.076619813929649,139.33737626757704,papaya
62.082502372432124,64.72377241353084,52.59997158330968,30.32889364134013,92.26926627842526,6.59496835734147,244.52752255038402,papaya
43.10189083753971,68.07859719292145,47.69356918180494,43.770563774947796,93.35131843413797,6.463511480358551,168.81198989335704,papaya
40.90124676160827,51.85434643778667,46.13554543843494,25.395056251813372,91.73835870734456,6.762855477896371,167.67394519561412,papaya
34.10338241324083,66.30591312439778,51.013676269900664,43.177967112480374,93.35092733705604,6.175174863704181,139.4945060846427,papaya
55.939903901888165,45.706617526249445,45.149102641548076,25.717463012569926,91.25832217522735,6.429549123520675,142.36249948955555,papaya
35.521104357515874,61.83478947789577,50.96138061696535,29.183746075664367,90.06829941717646,6.077647915353291,122.25590285727628,papaya
36.15897404662736,54.42049015369927,51.28182604510355,34.49198598546495,91.15587941568697,6.343822491258752,168.94655167421664,papaya
64.43420112173794,63.83033596847193,50.53400026833415,30.60815296464621,91.82525638770903,6.879417310264396,48.241150968514745,papaya
69.51930577681044,61.60938527128906,51.81137699072391,23.797954583399584,93.02764637445637,6.484778060090447,62.213570447754066,papaya
41.11688043077436,67.25786140534129,50.499884158659526,31.681748078652085,90.36341077920406,6.714121527402305,187.59867291316684,papaya
54.56174427890254,57.75656615551623,49.337844022073725,35.45869295274784,91.16697725864204,6.941259064177648,163.6468511278482,papaya
42.44769777417506,56.24199627212893,53.05684788876892,26.393937275336246,91.4641781123013,6.679508022736555,106.25273336126702,papaya
61.70006727445864,48.26133717943402,52.62686170454609,24.43538601186189,90.06296306333748,6.898223518832162,162.0812355557827,papaya
44.073075883472455,50.81486592409626,51.16885783260816,33.6890458542715,94.95798887764992,6.983215986653746,173.35515888973802,papaya
47.714820244235625,57.27852422836655,51.82479066236862,25.13306542894301,91.64176036905359,6.075272241003604,55.40575949855311,papaya
37.83356967576935,57.13133136483067,52.84774321162789,33.19541371448332,91.67738305280434,6.082352990336759,155.5620598684572,papaya
40.85074345932707,60.37335444792868,54.77187739132418,25.337600751028553,91.0606269936097,6.4730945380993745,243.4089012226452,papaya
60.87239105079982,67.45572982907075,48.33714848475793,43.83280794935048,90.51416408032078,6.052972906046101,219.6765516813459,papaya
67.09059480827945,47.264633938652544,46.134274267458416,23.69665731287125,90.52253781321362,6.209419816800281,243.7160899711002,papaya
56.71440888958722,64.46382563796355,52.76139403691522,34.23654874536351,93.98744488856508,6.595807532389969,106.0546804967051,papaya
52.44440435073603,58.33771465336284,53.23453053759321,43.61627156501484,92.05521282710465,6.763390678441359,60.95023084800805,papaya
61.07325477793154,54.285422799830805,45.39390162889687,30.62816974980572,93.05321375460822,6.119250167681466,234.04724341035347,papaya
33.106896530913545,68.25016799582916,52.07137517935686,29.923955683698274,91.95375173854546,6.740809364732744,166.30893118505355,papaya
56.86571685819781,54.729115412837004,49.87813481807599,43.78721716479576,91.06961435249859,6.4178561865221315,101.28286939053314,papaya
60.60446041759399,64.10031564164302,47.92445460997396,24.70919664929264,90.05716338336102,6.427450533242485,126.17089481051188,papaya
69.53559514559453,56.74505189244199,47.56418369575421,41.715818261660814,92.45533974826789,6.599175635210578,60.09042918992466,papaya
45.31665629319096,68.60559186184467,50.895053841754255,30.234538957991695,93.12833590315796,6.910411089578116,97.53802609924391,papaya
50.204668738826975,68.96726634779388,46.723961432984524,38.11294243753095,93.07240504101492,6.679675131140635,113.75612244018963,papaya
42.55517493935059,62.10524176470926,47.155432851045454,31.81274964203911,90.94087323026459,6.00830484112333,243.71204560799458,papaya
47.268119146256765,69.23374036049563,46.40323519767826,35.33470236860721,91.0048701639562,6.790074126963274,204.5776276398048,papaya
34.50428596157247,67.80161132190973,46.946296472032245,35.87252417337657,94.92816810043853,6.882396534766364,240.87842499784549,papaya
43.70395084872477,47.639391055486584,46.8834687328945,33.51039279660889,93.96614839136662,6.150153644183876,178.543621774759,papaya
42.94310416158048,53.53005180980384,51.61917730157926,32.806987810197626,94.06016646512997,6.155918509662827,205.88913665107808,papaya
32.569409922296835,49.851347006140124,51.56149714503165,40.95343878673249,91.26339813869674,6.327191605828913,152.7953571402154,papaya
38.46291225957209,65.27890653968764,52.73636645005761,26.051125951281414,92.31914865908315,6.774827766654622,110.83920153171711,papaya
55.32427290870927,46.255328036439316,51.08688760529318,26.205712580012747,94.15291662557226,6.355449463580478,99.1263111729211,papaya
63.6355590684594,46.25360057679526,48.96608799334345,30.77007435207566,91.42400187124775,6.911754332001477,197.69496263851167,papaya
32.55692656767755,62.86718623587385,50.27299133128794,41.91822578243317,91.5647280867418,6.574161999609583,145.15860769560706,papaya
49.582436249104234,56.40263498793031,47.05629475532281,38.86990837234025,92.25668016369644,6.958516275002606,94.76976971048302,papaya
57.309753585081644,68.51792699097771,51.63458323016093,41.29673105996528,94.13740479878503,6.360117715489004,166.02602738729428,papaya
36.25045359245422,58.38814706738999,47.30421971814337,38.61847311400136,92.64029210946062,6.41122736263166,96.44739019506528,papaya
69.94793927365147,46.79276302212332,45.4356068057242,27.562405410371156,94.8553622931391,6.979238168319984,177.53482430214854,papaya
65.20426668825618,50.34904327101989,54.720420941766236,25.99848185293086,90.50562594090829,6.112211539247273,160.3568638872386,papaya
61.23897602872209,54.16667944686583,54.77895987786127,32.12282290048492,90.75224275386608,6.465966748186137,182.59780473871237,papaya
63.28903122017515,56.46920724891482,50.93606826049167,28.61423895533592,93.22958263202757,6.985971943950344,50.30125024343671,papaya
65.46122682820672,59.05706256918807,47.520986595623,43.05268391019442,92.4167715152945,6.331690251673385,78.11450193687665,papaya
39.778088410266484,65.82122603978607,51.14410009317166,42.17815800925464,91.15984226078893,6.121138573848901,41.2783815048739,papaya
50.31448150463975,69.95767325954971,51.94965268818639,29.47628643126807,94.38429291513086,6.78172226598796,43.23718487607324,papaya
62.674419221640896,52.5131689309624,46.496734645836014,27.752947634478566,92.3428990218757,6.424867927068011,100.66633286858762,papaya
36.88873288828131,64.05576974105423,54.90109783734917,39.3336231888135,91.47968483835771,6.244808961412133,85.70983397384703,papaya
35.467802979561455,58.78326374230753,51.05400371953344,37.81555587392588,93.40106685466834,6.292333311283382,109.36531113333777,papaya
57.260581417693516,53.736191019590706,47.12623189619313,30.86105922763153,91.3604207878899,6.0883127212185775,214.32916947809724,papaya
64.12445556628145,50.49375750417199,45.64772199525202,38.51537618437477,91.05764312931707,6.39343548943686,53.46840296985049,papaya
39.05078339033741,64.8225569582409,53.043964469152016,27.34878132264192,91.67956922553344,6.134238419093744,55.5762523598337,papaya
69.68686857793638,61.38984878112098,50.42096509198319,39.07546850851129,94.20038579843862,6.806714768044728,43.47328435087409,papaya
37.47231592761994,61.372632552945774,48.75759347803963,43.63213567228325,93.32702396319127,6.956548908729206,82.3037611456167,papaya
64.55828112460092,53.033807645380634,54.89564808237807,26.311462113536095,92.58169909419163,6.792844533837122,130.8549209268475,papaya
48.72336240750587,69.65889488764353,49.25308150301153,35.685514112580336,90.27269830337575,6.84221008021026,176.11529028570413,papaya
46.160804114512544,45.404238498862995,50.91668820593504,23.265814398167407,90.00601806954509,6.616098562149355,79.69358414025639,papaya
37.67550198872381,61.33178914581859,45.53697187939374,29.581516790965683,90.74715951071009,6.580176369796534,178.97068249275313,papaya
58.84543414396174,51.380780422964136,45.89249751636584,24.652356795779856,92.13075774225362,6.945844409062715,85.72309719187517,papaya
40.26966405366197,47.522220052646475,51.0557027389393,37.27733035289067,93.2146560408038,6.861130243044781,142.14942535547505,papaya
35.37828163068258,52.235128267610314,51.624299734213515,35.87556144857275,92.65501564871481,6.682964418688687,173.85207857839285,papaya
65.25299557859807,59.65040943695742,52.78601358700556,28.222850275295826,93.39091292294535,6.902194118382676,121.00378885896498,papaya
61.16416749354586,63.11973252988588,45.595261968718226,35.21167450210552,90.65094674600401,6.967319172230591,210.3955755671378,papaya
34.38895204988481,48.04379994119196,50.944738549126185,30.24267265763685,90.17452929536555,6.541641507833053,121.44747093402785,papaya
34.043059694869704,65.04800980639956,54.15076765278806,38.88847261429673,94.11211155008138,6.216490567266117,95.35031969290621,papaya
38.34110161196751,64.1265857841391,54.47917078934497,38.053581341411956,94.40733382439778,6.638699094883172,121.4085791173478,papaya
47.03046459721221,46.88303580418512,45.31457195246026,37.60498768797063,92.1921444600559,6.55221506805463,157.10886200070743,papaya
21.934395333332535,16.897312770737265,29.707602216677024,26.165281663683572,96.56540306720856,5.951164003687596,184.3280072055389,coconut
37.38800300952065,26.65584057147306,33.904222037791655,25.810014989395043,90.27985990646451,5.761066799895329,155.08366110586377,coconut
37.734008168124205,21.231068320949266,25.817039596022287,25.406135788033303,91.2454090043358,6.130421748168923,196.18726229563026,coconut
36.491097764134906,28.51591377015608,27.01704557386442,25.929317454172146,91.92258304595865,5.8587615674661375,212.31985966813744,coconut
29.37781417348404,23.45479743311248,29.90119236126782,25.086573740008372,90.51356388798251,6.037923031267885,194.6910131338023,coconut
20.383263188218287,23.0477393498076,33.106657734835125,26.235692435086335,95.97135386275284,5.90402995032846,191.0515566509518,coconut
34.09992623298858,29.79816545770277,28.45396662063596,26.233122341723835,91.32496047528137,5.704073058401807,192.405550233854,coconut
37.926139753861904,14.865123791531014,26.798444468355413,25.855298498148983,93.6404136384651,5.790650329365368,151.02211748096795,coconut
33.39961221892699,5.1961230310155795,30.392305273364833,27.38130042108926,92.12982629053974,6.103291510612017,190.2010095056756,coconut
31.375617410127248,16.146240854967942,28.465779878757793,27.507772219083442,96.06756765599891,5.821255173413912,139.27172749979854,coconut
16.79518863613673,7.356899447473401,30.82869361192043,25.15498652748697,92.69541499971231,6.253199701914229,156.49133498638403,coconut
34.082701929503244,23.636675955176383,27.458271326332163,27.186466540278236,95.9822131061768,5.897453925667027,148.93784353673664,coconut
28.031770172296728,28.03493970000491,31.39616732432062,25.518767492881782,95.46205539786816,5.927203027281834,183.23759176198357,coconut
33.3516008755777,17.87368378786112,33.139839745733084,27.166466737949882,94.92058672014808,5.650792815832352,205.23541998204115,coconut
38.3976396329954,8.424128095232371,29.882411294334304,25.776666225911512,96.03618645940452,6.2216296360047,142.67966085133588,coconut
36.92568178154093,9.524326599450056,32.97259025648108,26.370941078884016,92.6261783484652,5.658239262674213,145.08528305319663,coconut
31.547263867522506,18.760759698678015,26.220854216512326,25.338093581314975,90.57848459818233,6.243767347373544,194.06938767063605,coconut
16.460774771364378,19.006751889924324,25.846761552426898,27.711237311826824,97.25693935344106,6.19823298981313,213.3570029295505,coconut
35.286325760342265,25.713464398176235,30.69707850569933,25.918177594648526,91.74239292093137,5.827200022038929,186.56458870801558,coconut
19.316413395809974,11.46600591593304,29.680608627954644,25.699150295573848,94.70914935772849,6.4231760284563295,197.32804291328137,coconut
31.660665353722827,19.568036899594468,29.879479092570648,25.55969157890398,97.15768364341493,5.748536002012837,138.21779898203448,coconut
33.750379480717385,9.39038835827916,28.71895999541176,25.084854784872938,91.09654354032358,5.673203630759912,134.89691149751602,coconut
31.41642391557113,25.92519489507793,28.73315406365941,27.6237294301546,91.70677259648102,5.82539042356124,143.56632937280514,coconut
30.513979885474967,15.496739771757671,31.132833468418987,27.28502471618255,94.36562412826359,6.127630354901788,214.17252829548997,coconut
22.476607740221077,13.979098465848828,32.17703361709337,26.833916551166162,91.42826323631772,5.87614731001049,172.10542118122436,coconut
25.48474594920973,9.456870208051019,34.24430091784262,27.286956285081928,93.85084665686281,6.180061028306836,210.75544049219695,coconut
18.40435355903928,11.259326267674442,30.42701247256645,27.397031114057075,90.29003916353221,6.484018150196361,170.94159425941575,coconut
23.980778515543076,12.318110945994297,26.743567076508718,27.374721726790085,97.64331331796878,5.913644754845398,215.71786252781106,coconut
35.59494038587586,17.02627818690796,31.740261791261325,26.30495253751139,94.46978726570042,5.558046337018504,192.66371277704798,coconut
16.32061611210342,25.427123672991236,33.249469294605575,25.711231862668644,92.5893022482864,5.981310378558293,183.69966162392333,coconut
22.183841543549917,19.812160115798125,27.97787073229299,25.166472163213182,90.02022039865527,5.601151057918429,201.30256301476163,coconut
39.035782809583424,15.674154982030482,30.126839534499428,25.440544507220277,94.40825082144126,5.644654902006977,185.0092898078947,coconut
38.33146668952135,9.892463482575991,32.64563718057102,25.07050726845497,93.00397793057297,5.610748507830509,161.72278974361296,coconut
19.338422990972088,14.332624753072185,29.175228061075302,25.901773368342756,95.25297559578503,6.418852051258909,166.0535836694745,coconut
19.808578911875536,11.768068954899583,33.54000823496369,26.714919169810443,93.64008825845566,5.6496367215089265,170.4754577491404,coconut
21.962300083934664,28.57907819633373,33.84070109415731,25.251707625484595,94.13322791408994,5.725058345514672,166.96993805718614,coconut
36.921199956286415,18.18786299721362,28.3421529337076,25.62366506231499,96.40259887525191,6.124518015364347,172.1258914383608,coconut
20.43710884657445,13.356159353928284,34.59843426738519,26.560269812817502,93.20559424994602,6.021422042348324,200.10896553096478,coconut
23.50272341257172,9.467653023315222,30.849361183390478,26.995612310443203,95.7017440236684,6.38198759076613,163.40567086202017,coconut
16.883872405722293,28.958714590773557,29.35011927437475,26.869772529019393,95.33044258502633,6.0465137087012035,148.4731776762643,coconut
33.878576252903535,25.09379935760204,30.529755860174397,26.465683481754525,90.91150546502388,5.583951661499784,160.56083610071758,coconut
22.77115388793483,28.841411274081782,32.8362274244343,26.97977288577718,94.14118471214084,5.667367530726652,218.06110049658554,coconut
24.37601745600525,7.673140061181121,29.93798895715746,27.62199403483925,97.09832801421864,5.510965916056447,209.76661702762595,coconut
21.787105437496464,5.9743090992105765,33.47790270362874,27.591600267964626,94.76984863873881,6.074433757296358,203.18082453592774,coconut
34.65773881775699,27.2526368360676,30.527474475967033,27.902941278198426,97.9691746474667,5.616544609998632,206.45893835987098,coconut
27.495556443714726,14.689158457495802,31.13072309882715,25.16789667178602,94.05168895013664,6.370890570026667,149.2115364525072,coconut
25.659747369235628,28.487022192871887,29.285638378056973,26.075102896997194,93.52429318498703,6.019452766517556,186.87922097183218,coconut
35.01732002291828,16.302555144107856,33.174809350901405,26.60116198405624,92.70784408294382,6.157950828119414,194.59500292691422,coconut
28.95122439073719,6.4153743283680855,26.69882875160825,25.855893162670686,92.26100484761194,6.173420800246871,131.65137955062693,coconut
33.892044426238,11.63356187017333,28.100218462161024,26.583729483831775,91.72740480751166,6.384471313575528,137.6831901393909,coconut
26.109559057526624,26.23555673637225,31.158438944212357,25.8769885475279,93.36608166221168,6.2066943803425145,217.59346690275095,coconut
37.328467959485835,13.56082020955942,34.98197879287858,25.010513990593175,90.22103804646733,6.323840515171193,147.9516418149747,coconut
16.519231709906023,10.928701830912555,29.261001539808603,27.191698811300213,94.99468421240964,5.73762121756042,175.2943403290526,coconut
38.15535263496422,25.375194424593943,28.231897848317935,27.94679368406709,95.66896320348104,5.562449355666782,133.16446419597747,coconut
19.21019872525075,23.19639670125367,26.837389258424277,26.5344603076265,90.74608096144665,6.4208861578301955,160.95645522252107,coconut
37.70330141401577,28.621891047763608,25.061286473136807,26.392405561596195,90.19724844565515,6.408692766302906,176.65667902611182,coconut
16.87360031746242,7.756918206914172,28.83509024492739,27.82070257861867,95.54327321254465,6.367618866189132,162.98109817059816,coconut
16.08034248874996,29.357940930110352,25.171729906623696,27.842954959243265,92.94941939079315,5.510090405021882,192.02415085520573,coconut
39.51350760078385,29.140643070939813,26.609370112024184,25.543743418198464,94.52431131695728,6.137304826428324,196.5476122299279,coconut
19.52625901180369,28.97517716911086,31.38739256289238,27.541140756611664,94.32052572227337,5.914276847589883,217.94646159354966,coconut
29.5530342704959,26.671839569979472,34.532923963662896,27.026063881025976,94.3915094281494,5.503510850910651,133.60176766651054,coconut
20.02128040127791,9.650210796399882,27.54758795199845,25.91480391309298,92.88052394840582,5.920537690068876,138.89797046104133,coconut
16.05904829881955,21.848611226825586,30.373348248430776,26.33243260666036,95.07551952934682,6.32767940720354,168.49236182045843,coconut
31.027986626299484,28.83930559587897,33.39624495861561,26.27800243150723,95.15773470251794,5.67707092191594,180.4469966405581,coconut
39.53320727846107,17.95787788006306,34.27638299190147,26.222004761509783,97.99075861747706,6.079220035227558,133.8042094812341,coconut
29.668869917284702,11.864317391989916,25.324813220358948,27.46255991408399,92.20583709584605,6.296548554046499,155.939582466028,coconut
19.858158846844358,29.348389352610685,28.616453277550196,26.80412863432948,94.87985194251577,6.060473482173502,212.3226169169093,coconut
31.861026784171713,15.093325102623254,33.62380384524274,25.543188697347894,94.35389406088333,6.4505503719437565,186.28578668923714,coconut
35.4242112618719,21.33901813862982,33.3937086353789,27.83346363953573,92.18337382026189,5.669661081256719,173.5591675299286,coconut
32.546560670605395,10.679781329555404,25.04101450430167,26.028805347510115,97.75087468374231,6.194967460605847,166.11928995471015,coconut
19.81440243367101,13.902241843868675,26.69839433301248,25.318917463938853,97.25393898058043,6.497650338375474,144.77029956362114,coconut
16.363063971956993,13.243277678655309,29.616591807614153,25.614463741227564,92.41139929438847,5.700870735691658,199.6834511589206,coconut
32.81444858118152,20.873787894024545,28.872178570792048,27.727122823942707,97.75626033228016,5.673639312625412,150.07113772706901,coconut
28.140775700009243,7.281264232056133,29.36448398823113,26.74537379433313,94.17658856909867,5.830908583078026,178.82012254694862,coconut
38.970023856471194,10.150435107284402,31.548313583940036,25.130190082468154,90.53133123585148,6.051828224223585,139.44452622951545,coconut
15.558669710671433,9.287824941200554,30.648491709995746,27.110022863556797,91.61982851313104,6.1682594372081745,146.42286979893063,coconut
30.33643566578143,15.298991997394971,31.537995093336168,27.985158257437742,97.5025357218605,5.504281757836104,209.6894887926075,coconut
16.662269879369163,28.826164653996123,27.81825679099685,26.146104491233814,90.73310564140583,5.61227275832891,195.40665087063877,coconut
38.60830589370729,20.26871237385774,32.15850015526811,27.28590923379146,92.10251419642353,5.545229630920215,130.16854695272517,coconut
23.766232073850468,11.036605704980403,25.623177250491857,25.538584877481,90.99599118614358,6.41487838061737,142.6240492113252,coconut
28.44121159969198,19.827648877804116,30.43489457708634,25.297169302647966,92.5503868940044,5.551270332463154,165.61029226866845,coconut
19.7149732817898,19.040813332109494,31.928083938491007,26.59635958061412,93.47389357289117,5.8873334208566925,205.75225912873034,coconut
20.48420162663175,23.35545848822172,32.57482324740119,26.257600021812202,92.37840479380512,5.970541486045975,138.38925333034285,coconut
16.14825080572725,7.790079986297295,26.871450314622262,26.51253046101413,96.79309308928897,5.735642331999687,214.16458096721004,coconut
38.87269772337508,28.97261512113013,33.37562734676324,26.091475122393163,90.58147128802098,6.068818731766495,180.28132995435104,coconut
36.24939417773989,29.89977627365263,30.081573065601475,26.035612093119354,91.48721369245014,5.504799824817371,175.8202323239991,coconut
28.887966667564896,25.623461995434937,30.045769678928007,27.74940504599817,95.02466781257148,6.3403362382210835,143.34715613269725,coconut
36.383403257557866,21.87859636109621,26.702330324383304,25.569290674438033,97.41200495235377,5.5322153604503725,171.62814489661355,coconut
22.836882248352538,21.6269359999607,33.39629387568992,26.08113436466971,93.4152166985827,6.481917784501414,200.55248587112825,coconut
37.43010327329479,15.969055516290743,27.340762039841152,26.235590396159356,95.7287353426521,5.6094304048359795,154.3422195054858,coconut
16.16589751153976,15.80869345845329,33.27445735979613,25.07399106489403,95.40258821445732,6.43249587451374,151.32350753600642,coconut
32.34087101819121,29.37754752750501,34.62278060152463,25.70478757908743,90.80264842569655,5.648282537895916,193.1832101633928,coconut
33.14397188633189,21.855914040704974,28.36078387742238,25.509330819274368,94.64608873561802,5.983680445757867,195.5950732410073,coconut
26.034001967140536,13.465992367161709,27.934785773590143,25.63441096014924,92.1259710094933,5.5948304388441015,161.21713098360004,coconut
15.914245309073955,9.66034617915817,32.46770444619429,25.976406966029867,95.34589613581875,6.2168841755972775,182.3066808458902,coconut
38.96744353413496,5.535996665577832,32.38652650588142,27.876359931821224,96.89817383482351,5.667892691805013,159.41382756265588,coconut
19.311295996911635,20.0327090953676,32.12187981979493,25.951221308089174,94.31605259187437,6.190920570071195,167.92058349499436,coconut
36.350388261386485,24.28874838219543,25.646655438505707,26.863375897272487,91.882604407678,6.057518264667276,216.11995983696696,coconut
36.976550113806255,15.112910077878293,27.915138583443536,25.703217233224777,94.26011895805216,5.614248453258057,179.43475073154238,coconut
15.033340987269801,13.09624076864612,27.199343138305814,27.913656369882347,95.81793855655984,5.849653380462238,138.35605778775584,coconut
120.67202378762497,40.33619703315106,20.364295458983577,25.34144941671557,81.15792552101385,7.267576839090005,76.23090867188435,cotton
137.09062530525637,58.29756711051508,20.127232010735522,23.223037948574017,79.59587005879445,6.373115824391231,79.09032945954269,cotton
120.00369343128932,37.582511945331994,16.976477811196155,23.918527824798108,83.87588990718858,7.132781441262194,80.44605000625413,cotton
113.5611419897564,49.28528482610586,19.473798226380673,24.636519650492644,75.5057556607901,6.9866004324779185,68.879778754319,cotton
113.04740245111637,59.022935788951536,16.826948127113827,23.244981010314387,80.09892575730872,7.7260538962992475,72.50010249619112,cotton
129.75461123552685,56.409352455370055,18.10016355821849,23.57100073415484,78.56556223688357,7.665711617235842,61.33040585860803,cotton
112.3368435531472,51.98521393987825,20.654434995653425,23.745157437174775,80.39948227221385,6.395169171656637,72.92149864824032,cotton
120.06811936705397,57.52972804886504,17.608351628039763,25.471314008659732,81.44241400825982,6.040681662135202,81.7389401069818,cotton
101.4220751019622,59.93452817034533,23.726366876911978,23.189374990160182,77.57411230196705,6.762882164211218,70.68500895943329,cotton
114.89351273541524,42.95691365298701,21.211334068483314,22.657054654882497,83.45981292446012,7.62480496806263,74.29449623565812,cotton
134.1091986111419,41.17862675075733,15.17565455703967,24.47683170011929,79.57909406964716,7.1343290925917415,86.98018227055209,cotton
138.79702294263774,50.86132849389008,22.640555898524383,22.335233733948655,76.60715584891506,7.466409609905953,72.94096369164006,cotton
117.83861081617623,42.71519204088592,21.07356383477744,22.74066018166481,81.26916279313896,6.34759771427048,61.914781041291405,cotton
113.21430754796245,40.778508550246194,23.889916385563325,22.219813815474506,76.76613692574122,7.097439211166099,74.43201572542421,cotton
101.83408073498806,35.18131070037861,24.880679419611496,24.635338801435353,78.65406130901557,6.940864495326482,67.9965036136286,cotton
113.79495134772839,51.22611168170535,23.828117988673707,22.73652009232474,83.40361505385319,6.243113259036538,66.44976670765173,cotton
101.48701152198583,38.520296552324986,24.173031454640505,23.837754986473513,75.77665861778354,7.919453676077922,86.3697692327595,cotton
130.18730083472565,58.33681979868895,17.20129420835764,25.345477172040347,81.89991196354306,7.739518499135377,83.9073469722789,cotton
113.859802527073,54.35996342543139,17.624563029848904,23.31436865211222,76.07905717222977,7.870153231960938,68.73010090200845,cotton
120.82489860685807,44.78332091165482,24.599281205835016,23.34019668375393,82.78545821422689,7.71083230926236,73.06819492442898,cotton
115.12687257811726,53.693645523315695,24.12895980306234,25.019726932288954,77.27126365591866,7.7766154948754105,71.627450023105,cotton
123.04917647111736,55.785890482317775,16.883947674004922,25.13804054271021,80.96162797910678,7.786683283655217,65.1591120553063,cotton
116.82728948163714,55.82107732167094,15.192317034567601,22.44880546706257,84.90565212756735,6.5607883571807015,89.2662958117186,cotton
107.30126204034696,44.02736107518339,22.528694445035704,24.631113628952715,80.81122399929056,7.059798351610015,85.30321330994221,cotton
109.3979425133357,46.06177317483796,16.554522921564573,24.38376638292282,77.5054442427132,6.667684128686772,74.13752149870584,cotton
101.07082342812511,37.29844839802094,21.859292207082195,23.71587992287003,83.64790221999895,7.389344007288399,60.24302824941967,cotton
124.66849323068539,37.34312165149291,22.809331797904942,25.96603075311401,80.31198794241512,7.365559000388261,67.11942482684255,cotton
117.50390975015173,56.402383305909595,16.67422947746251,23.062142422455047,79.4543367528603,7.424497783688028,71.27651864387022,cotton
137.10929119132015,37.36142628171798,18.708041975448474,24.835816493713686,77.25986765661493,7.312826268459346,64.92650874682037,cotton
102.23921139446746,38.02539291871622,24.299847831341346,24.207003531758204,82.9634577547965,6.665309001810103,77.7797594365634,cotton
119.79808534819966,58.64344898505735,22.475746360541102,24.922170525986317,75.46353269434279,7.099339338007383,74.00974361705444,cotton
137.11369066424777,41.433549704738304,17.69833453291094,23.645384995526,77.43369713406376,6.2583678356174985,85.72244539952402,cotton
122.33106097615664,56.53406797391417,23.311347654036958,23.128169419158684,80.47737444324274,6.166435405480141,87.45755652092275,cotton
116.17050860260612,44.841904597225536,18.027553706179532,23.842654978842816,77.51759386545449,6.749704545593609,83.99841145754645,cotton
133.37022014340687,42.604561940712905,19.69014430552788,25.495279105120208,75.52673331829698,7.77828992399157,66.57553036956995,cotton
127.14156976857504,49.563792409615004,20.52940748189252,25.437440899011285,76.01572143644661,6.694056050651272,76.14758239034296,cotton
132.4515541578416,40.41107708529179,23.02929841374276,23.598553929975743,76.88913856433696,7.5179728808869655,62.72696704423643,cotton
120.59069496301771,36.59689459654721,18.564178551577875,24.40430719602557,80.56115541487213,6.809310835809333,72.87143981916347,cotton
109.07078213403067,46.39706471060257,24.532548557208344,25.40181167113516,76.45232869076344,6.059561574641842,88.00572938149892,cotton
121.0699899952299,48.44594557873269,22.807179957065223,23.258755895485308,79.81907568836002,7.937325826293475,80.16446060797222,cotton
106.14980127983144,38.330668699608836,17.042647583330055,25.06684669768287,77.95377003840616,6.04277769335016,88.32523090516986,cotton
106.78853665579642,35.23895465370171,17.37131602383323,22.940115148472536,79.22005250845723,7.840779663000074,86.37554753337294,cotton
118.27578219929711,45.272497624795164,20.550090864748512,22.973816047887063,75.52184991966362,7.878448272342413,65.60096954631518,cotton
107.93602916982866,46.81150822134869,19.916133448403308,22.07373683880297,76.4795473877397,6.7563096371214835,80.51192080531618,cotton
109.13673827327743,45.57536115604407,20.57345064716467,25.554369978493167,78.26070502327123,6.267116531726967,74.67816677692825,cotton
129.8688640673625,37.74649392631834,19.246834916969604,22.071140565049934,75.33559181647252,6.965906726433332,68.94591894452788,cotton
133.8042919602165,50.05385765316136,19.539329617429903,23.631741484217187,79.97245480189564,6.080877662425323,86.78380069261979,cotton
139.93212622935835,39.53717812146746,16.203829647746197,22.574309853794382,81.61027058234367,7.32288167690155,85.43772486835233,cotton
130.07305553705012,46.242241834233496,21.12855361565319,24.75313868147203,80.12736470285225,6.951301968903273,79.3529233692796,cotton
122.29898195902615,51.09855763339776,21.12854773963364,24.876786242054617,81.42803508782876,7.039484972874535,80.4539043385316,cotton
117.97927860741711,41.04178064931503,15.014182201339155,24.239856588583372,80.90655226608641,7.944097929551429,70.84435002282827,cotton
115.76532971313247,40.044989533554755,15.705342952373218,25.091217971446962,77.49681064339325,7.217809722060076,80.63319106636445,cotton
118.8494674916659,56.908802825679786,19.437948409797286,23.139634492167062,83.96015522961622,7.723128568499913,64.92119841229238,cotton
101.03844073415684,37.249638908740515,17.86547398553817,25.889039206966842,80.58516153160825,6.746523464058537,86.6614828383824,cotton
118.12545325913999,42.88096571002553,24.412195287456576,25.398070664770714,83.4366837541944,7.024569486100426,83.68315196446365,cotton
107.17413437058208,49.33057393890609,24.838459228475458,23.163833722071846,82.94352329247675,6.9809568144161345,61.19417049666262,cotton
130.5207759126267,39.21422860980282,21.3147356713275,22.34265677618789,84.46867397495964,6.583447774360722,66.79394075032185,cotton
105.16545616265337,58.65005483347619,22.11903742441305,24.966643554872356,79.99404561380244,6.949455570540967,63.3006372897443,cotton
122.39364382335967,41.17291237771976,24.771453328004057,25.18632376006059,79.12992060192887,6.302682517383066,83.55995073416352,cotton
104.88215068325263,39.73334383742676,17.115205177442274,24.227562553092376,82.87056653990366,6.628629757449384,62.54009442825868,cotton
118.58153854097677,53.70275602899839,17.216638430873882,22.8796981921575,84.4722702734671,7.908307454238356,89.71397196184729,cotton
132.3063840629912,39.70460422919864,17.119815207992612,23.360900966089567,78.18132531333491,7.913055498156018,83.67221948645081,cotton
128.96035168646216,39.64908060145329,24.095255593623296,25.311481518024696,76.63641841327923,7.742340663921945,68.16742609111414,cotton
103.23478983328424,51.42055766285525,21.538046593843305,22.37972803826247,78.18851808936583,7.985628924511078,80.35280001026211,cotton
129.20300666413317,40.32293214010764,15.787820710039144,23.10760675896375,77.48898385193192,6.469088201496106,65.78262965661119,cotton
122.99022762621618,43.202586896045545,23.203450150475305,22.735789671389536,79.64627070868545,6.0273156728521595,74.45046967365576,cotton
102.23352883505898,59.44308779681609,22.905921286504128,23.96044590654582,75.86587358179351,7.184890881580829,82.76291252105632,cotton
107.62869012018982,49.20520851968727,23.142108983828678,25.072991110585264,83.02992017867153,7.758646849739439,88.13046306478411,cotton
116.22084620814144,49.21922756307193,22.906595260456108,24.788559255783134,84.95520228264378,6.027355302209289,70.65399645947372,cotton
111.2411170508081,41.55789625413836,17.225297824988857,24.836495363260916,75.84759473275322,7.483217667886676,80.8027752604882,cotton
110.03216530003586,41.32084457912903,21.28860585344502,25.048684421934713,83.76485613087365,7.7042791277089515,88.9464898249156,cotton
123.25539581346044,57.71638903350899,23.08513273260411,25.578670497256056,75.11626601285367,7.931805983731622,74.20590488539435,cotton
131.92731958299373,38.18010298344452,18.959410958139742,23.085842652083965,77.91658770500938,6.246511239901763,84.1729149762902,cotton
100.36969258324312,42.812636424630064,16.74410543216415,24.35615576243336,77.54252402614544,6.517996909056199,74.65014431985956,cotton
126.10756157363703,38.032617614129094,16.75511452465496,22.98869897837807,84.73748214117961,6.79430499988584,77.96970271893079,cotton
109.66171250863911,47.2614881289372,15.74119174385958,22.13896858368931,79.6873352682146,6.797318575036824,64.10640959075484,cotton
127.50405715682935,59.82258727248161,18.956468211967124,24.49823454366958,84.62975942364486,7.663069944893751,73.90656669908057,cotton
129.4995793783968,38.2033760062631,20.12103855463799,23.116241108719745,76.6116368789616,6.8525618125090695,63.93043663300843,cotton
127.95940432697942,46.40600110133339,20.31144632564664,22.58550375467263,76.39771661093495,7.166830870520248,89.55029243488339,cotton
103.85002332950903,42.14328571414453,23.694591165378874,22.289088049020947,83.75885721366951,7.048571966749503,72.24800321779277,cotton
112.38722257405823,42.427928953196044,18.058025824494788,25.539212323840783,82.23795230174785,7.339446015662301,83.96247446856003,cotton
110.2845865201658,50.451070302043895,19.60066238957951,25.129766540800773,78.09256110473285,7.286357233739792,86.46637235451941,cotton
116.08601904779715,36.66555218418654,20.160508223417928,23.383889951228102,81.72225380547175,7.9020658494972125,74.56824953990541,cotton
118.64760920622135,51.3646200047865,16.034975035935677,23.01402475570006,84.18979325500399,7.3398852267275325,60.40332131950249,cotton
108.1850189023608,52.07093165072247,22.643992025625742,25.35943829069617,77.92176803382046,7.862057192555126,76.58840680733677,cotton
127.86156089551571,49.9184715694977,16.227400546746203,25.85245863753952,76.22875579894152,6.509763912822367,84.4088364066894,cotton
124.74387846004406,55.953729134408924,20.15736188374045,23.50797294146654,84.21845499547786,6.07250463502959,85.68390661059138,cotton
109.23271140751126,56.2184081938492,16.391966134168857,24.32087585476216,83.88107919011472,6.947079293797781,82.39700021410178,cotton
132.18686471422234,53.41235521791948,24.253297368745983,23.787336922079714,76.73125439165156,6.09562212740496,67.39379608912515,cotton
105.72790015520968,48.948718535862014,16.84945337211732,22.155734829157485,75.35989828868668,7.663138996729723,77.74349794329075,cotton
114.32341207573512,57.35570106850617,15.701966114077136,25.921288290911303,81.1629179025446,6.366928507937697,80.37207296930906,cotton
130.53525039134252,45.73356958426936,23.616326062455474,22.60292962918588,77.78837583577608,6.1869847231679795,66.32633521822056,cotton
109.5491524764458,57.94082977304275,15.781096887511563,23.709660480750838,80.32398687226913,7.797386107604321,89.93088655983641,cotton
130.13552459679343,59.26977476422574,22.871011325358737,25.852810563885665,82.07270725944456,6.159526850902142,72.0576056097803,cotton
125.86389135209882,43.767962736356274,17.733839181137785,24.309597068532362,84.33501876702435,6.069963747032308,83.07693610624312,cotton
128.90909112178508,59.09883563470718,24.307112223325436,25.04893024817677,80.20408764682598,6.40853510646704,76.35707154976723,cotton
130.61407975678617,57.39173031594733,22.89712009210549,22.781067740764215,80.99686314228059,6.664346919062714,60.27617002171929,cotton
108.00883743154664,37.83051624833623,23.427191235394687,23.034025008591247,77.84697968887555,7.919873143597768,71.37260169146556,cotton
100.38342560577578,42.09615370865341,16.192995806018125,22.411234246943415,75.7748729013575,7.186518940350755,65.68043170889575,cotton
114.44971176164042,56.55044290325042,19.243381397962757,25.66276540020655,79.97938053395606,6.7976732296795115,82.51166781272104,cotton
62.927003950720085,37.23695957456044,41.519737139229605,24.460822139717745,77.90415250319211,7.374406256015297,169.4183438835774,jute
83.85640106338585,47.51741569488274,44.81610655642433,25.493253222069786,79.11737708277353,6.381510131366406,188.6263211581297,jute
70.61892899990596,40.218563335709746,44.44266159655551,23.0579132501536,79.6538870366343,6.223892845483209,190.9719040896634,jute
71.03690212272413,43.76755818576818,37.16757711321985,24.75654212744324,73.48095547507874,6.986089559241995,150.7823658971033,jute
62.57499534060158,37.49152881828122,39.18993685310231,25.444388517979927,78.88177910378383,6.367216110091351,178.7184862119507,jute
90.73459970770402,42.22073574799022,39.09007736736273,24.571922608057143,71.34874846408047,6.038973440588671,157.64029046591418,jute
85.07414485014134,36.84045653834204,36.896963648501284,24.013561657085912,70.77870064306366,6.287548906742452,195.56348944917556,jute
60.77196528907939,51.33579810435906,38.84408930915185,25.017946218297112,75.88691720363404,6.335248131531967,192.36047437866944,jute
79.67761530437427,55.56340047283679,39.06012536188219,25.954056661745717,77.70489358501297,7.44892530766886,175.71632394549295,jute
78.94764529162802,53.88634523313145,43.8029126301343,25.892437387596672,73.245519060325,7.198056860763958,160.53227988177684,jute
81.82297386981782,39.49620371022998,38.47397361750339,25.794075101619377,71.46090699773086,6.948601342702795,179.64771364637016,jute
64.82953410835945,43.149476094220304,40.629815045152654,23.56153582696547,78.00623656412816,7.458234764302125,160.73796999812362,jute
67.47647859162304,46.373376794936114,42.47765277140032,23.844801830705755,70.1987990869728,6.811830942049341,197.83002838836538,jute
75.65107421627782,45.503363854577515,44.68901717114038,25.083822834880184,77.19171922842125,6.844053008056601,198.73046054316208,jute
87.55465937702225,57.37581879012924,41.99378865733221,25.205347474521187,72.90410922142246,6.455218047020728,189.14923247880145,jute
71.86825156679598,49.06925177003829,37.49352310906702,25.45095014242721,71.1050135122769,7.244169959642496,180.13649002538008,jute
67.47638139308309,48.550884637652956,37.824988368473406,23.97040200419149,73.5152804159688,6.0949788704584815,199.29808422007088,jute
61.261385125248964,51.56242182960696,38.71227647757431,24.9380308728401,73.56248253087584,7.010625969388288,186.46177547341804,jute
87.62210561598579,37.84904953395381,41.568932346546845,23.83996264836229,70.28801370569333,6.62224600783343,171.67715514019005,jute
78.68696533409786,52.6206041347679,38.08843809142459,23.94584153931177,70.6055225624126,7.030231823988444,178.39130456997918,jute
73.97700450775153,52.629724472933866,40.37357749226877,24.40773483761162,75.11324543661127,6.954522187900585,183.00013022872997,jute
71.55831276562868,38.51858408477883,36.56634181190519,24.918172657709004,78.72873285767126,6.614244417518328,158.47600801647312,jute
90.26409993175419,55.81223686048621,43.805824431209665,24.8204942867412,78.60728559388085,6.023122437672612,155.36179008847617,jute
63.70304268208395,52.81511710636833,35.69581783543579,24.489093117398923,74.7270689863629,6.466055285337362,193.52025849710498,jute
66.81732807519984,43.81156960998099,42.74171500022929,23.091266943179853,76.72950400246368,7.224596589542356,196.61339194190836,jute
95.0518656196594,42.98460292084213,40.86364141322952,23.231880479451398,72.57870003548008,6.1413335681212615,165.7593645076982,jute
95.00748853834915,43.67917099185732,40.61898103001426,24.300142544344823,74.58916524298735,7.454358077754837,164.8077234131929,jute
85.09297878092686,45.50156673948618,35.61146181047686,24.467992494872707,78.13343329045108,6.148129453022532,153.47959236981544,jute
66.14526081573067,54.11000278473266,42.23995384144738,24.695053306718332,74.68226404092633,7.332488722053933,188.33489119167413,jute
92.4776900520722,55.33155753376636,41.42717154745558,24.374043872947837,78.6467775258565,7.389011126404876,151.19030216291716,jute
62.06219493065005,58.96858242271093,37.771606138441946,25.620108318948255,73.88795118961403,6.1786500864140335,154.0221600104667,jute
66.26031596321826,41.247329871684116,39.88518353930826,25.10449370169735,79.863985764853,6.662260114933757,175.9092471171555,jute
80.87262805533022,48.485858887198404,40.17740657104462,23.026324265185753,70.01724822109841,6.1464994771891845,155.07783017145894,jute
88.19587635819184,40.12290081289999,43.94714104755613,25.78581898873106,79.75893337895899,7.40862195733053,163.59441609592622,jute
80.3910737881405,39.386374254923524,43.06209655172433,25.665295115432286,78.51288839297516,6.650050423045252,187.93369423433904,jute
63.90316678305078,36.00611926548127,42.532364143087605,24.27606582298605,79.95549264739569,6.145881323783299,192.7813840767617,jute
79.19932262115967,55.678754887596924,43.17127282170145,25.747976004086233,72.97850011286103,7.424699030193004,157.583348017881,jute
63.27875110373962,45.790387934308725,43.28322968641842,24.42026339190034,78.29286677530514,7.094530208691458,160.47141930694667,jute
97.95526499597855,36.51952921573508,43.98279707543795,23.913330346971122,75.00148083164399,6.633527809051102,158.5917278458458,jute
74.32587465606773,39.82336090731988,37.038864754605235,23.56117050807914,74.89017380346594,7.196897051266973,178.44850168806204,jute
95.72826354203367,50.91361221441811,41.89340115632604,25.00282168918101,74.4945919318374,7.034008233300124,153.48538732344807,jute
94.39405887662653,54.445303586097936,37.45229958231679,25.30409736276225,70.12642601400019,6.325869858721321,153.2568619335448,jute
91.20907666471578,53.896853779459676,43.136360238018305,23.013445079976588,75.01232726678408,7.057254296276005,157.77005643695077,jute
85.99162910050498,37.10275248274214,36.813258561043135,24.427390444983804,76.53565152681102,6.218803690430844,159.26116654154688,jute
68.17785468262652,40.967520117474464,37.265538485262915,24.18544732549291,76.53789650836723,6.657047674701705,188.79869543749442,jute
88.7707402379446,38.16317285122689,35.48841623320744,25.633824691998818,70.79831066562873,6.2225087710795695,151.1066637779059,jute
85.13345461194615,49.55926407895871,44.869036664352556,25.660797188951516,74.10843177480909,6.557378761368803,164.84260171399924,jute
66.09627680151526,38.452091415050226,36.32283708009606,23.342344271560336,72.40512042405537,6.460002945469674,198.07894855194579,jute
83.13893004007542,59.68989436283202,38.72466947825673,24.37287989776832,73.24578659165279,6.274331476344829,157.15823538887895,jute
97.80316791231328,59.670267044968895,35.44909496508731,23.4510376241953,74.23524092301022,6.279500214516611,168.19401968134417,jute
65.16385399438533,46.412793918044756,37.71694616169259,24.055715167275984,70.94312651462748,6.6421920760652124,199.16288054807848,jute
73.15332187524761,56.910731871060875,43.431991416236855,25.85617525489163,77.90109512267094,6.989395240588222,192.8292222113729,jute
63.025787226293986,46.57076642997019,44.89256238615059,25.308800453884196,79.62075378037223,7.169451534200219,193.7440983721072,jute
88.26118529212764,54.01255011043099,40.23178009839501,25.7727131024424,78.25038910623361,7.265827448498449,183.65045504815262,jute
72.18319788348995,35.89074488475348,44.356551294095446,24.75836104641649,72.9814297114814,6.2237026617713065,191.47615827503773,jute
93.46080777790316,55.36269920326329,41.45082691966786,24.098046162775628,73.04070284780256,6.0128321551772554,191.680377934412,jute
63.4973078997457,50.76887495101919,40.04074946840088,24.580068076779053,79.26712845307773,6.047422516906863,188.6696112314386,jute
62.08209593469228,35.95384014838443,39.29817698141382,23.1892255230289,77.89143951292913,6.794344640472506,151.4519391329887,jute
61.620027459276784,50.31671324348699,43.061118176584046,24.31339859382432,75.54580671535625,7.199744181074852,180.52530870209097,jute
68.99040950635278,50.32630064673697,41.28279459065214,25.20232094264338,76.20874187556801,7.453863195687057,159.86441543585343,jute
98.04362718268305,48.45848725875041,41.71956140494912,23.29838479235657,73.80575941378108,7.154068719694759,185.3455507549495,jute
61.605575526616406,48.66485658743112,35.88278192968409,25.987569287534487,78.97296588533294,6.031620990642805,192.93247894513155,jute
96.77718402233631,43.838705564086375,42.19501655047766,24.326311238623337,76.55232484576344,6.510476106447287,166.1279618316634,jute
76.97735555430316,38.639193966312526,43.311389644353824,24.04609368608491,74.00149553905845,7.341081919053217,174.83119070315857,jute
81.77015637403451,58.91245311942746,43.86726383144989,23.508400126665318,74.73215029918106,7.456944341142818,168.61831491143013,jute
74.86292434064801,39.87575579472886,36.14323114119125,25.220914372267945,77.70030468701516,7.4535194452545,188.67091054526816,jute
69.73409976134394,36.00291445721289,44.85437384369661,24.021352086630817,73.11971542432421,7.358932814624074,179.2549949272493,jute
68.59484695396539,57.22740606790599,44.93360855054743,23.260035683452493,78.62251628302488,6.585773546526591,176.20362232533523,jute
96.59263903059923,59.334479894377935,37.621639104088,23.638552312879742,70.80516558591512,6.842696778993207,150.6802197725334,jute
76.47593190439747,36.83460041630021,39.05225782929334,23.11979656779683,78.35217260608769,6.314608490907849,166.4154355178956,jute
94.80191986425567,53.65665153330512,37.19038361642058,23.215698255972487,77.1567377685534,6.586053826032164,188.30399995591105,jute
77.81179089500841,43.65006032430691,39.51205408212397,25.24567695701203,79.02220286540374,6.074650794882864,176.20557706134775,jute
61.313417163355105,46.710238625608966,43.852828290969,24.08477079926093,79.32450421080644,6.945912707475914,196.70776718965033,jute
90.28666501650079,37.58587916621906,37.31151367562677,24.182511363750518,71.70106882012077,6.742367407164991,173.56840778507453,jute
98.25036792109525,45.84319707239944,42.856268042879975,25.82573163455444,78.76988830973986,6.3130014367673875,174.80149471267723,jute
73.90959129183703,44.99646737843039,38.608068262457515,25.479077630525012,74.52139055122447,6.785541498367032,199.12236785235373,jute
62.39917088766066,47.19894099476872,42.74061706946116,23.45348587456468,76.11531594614775,6.3591971693017,193.37020566122837,jute
73.08398661600317,43.22657042252274,40.98193878517893,23.550688724359727,72.84888638903061,6.624947775179117,167.6818931570055,jute
80.9950887202233,49.99100360172416,40.66667453750165,24.962504935975797,73.07749516607821,6.189639340732542,188.04037707155385,jute
94.03121530522728,41.425155805560806,39.0709195615802,24.495707650890665,75.33326842752936,6.989235256631478,152.08016166776608,jute
88.85908330936068,36.54927517448526,39.68288567672868,25.48301340670758,74.51215313278396,6.223634623152372,199.251692250298,jute
95.57141848297053,54.28284083062535,39.115116028992105,23.551537180667893,79.41411181418502,6.798526689775708,192.61777301937425,jute
73.68380023037703,43.382207926986766,44.855404806740395,24.565499145484548,71.40695423860747,6.329512016992061,174.09721396963604,jute
61.698836419536455,46.56334963445751,39.18940842080128,25.338008795958462,73.54941964489242,7.473823142309399,159.03849596504517,jute
83.6394673987254,37.24248242520637,42.338639839939816,25.984261064185915,78.19138637751632,6.833555311080452,174.2370678699846,jute
93.40119845067387,58.3993521177681,44.89206525798093,24.189617682693452,79.90917474794512,6.233889378260748,162.67748879659547,jute
63.56064498935585,41.79346291211204,42.67937551618011,25.55877307453535,77.78892645102572,6.9465986672515445,175.6983256261323,jute
88.34817156854587,44.77083873168054,43.41308351499702,25.031570281930357,76.97804698494409,6.803903989693607,194.26144921055862,jute
70.0805893471621,44.52869133402627,42.77642569677689,24.478246688388012,78.89214013424191,6.519598979644279,168.46650844098224,jute
95.54943157546501,46.60925800455102,40.16124584202487,23.998291146007038,72.76669942179082,6.983923066257588,155.9920330770602,jute
95.17090564731637,54.48007841912769,36.90748263705803,25.082059837473697,76.02632921285635,6.276802576104966,163.66017530251162,jute
76.35946014935337,52.48106838113685,41.38723408817006,24.596704543030093,77.68410543114034,7.136906609409249,180.89295770311278,jute
91.47960333539301,43.35658436948023,43.812495283226056,24.84473025740582,78.22363513812431,6.819418657185426,160.92191224943403,jute
81.69640514713234,44.2777915944147,41.974990360370946,24.427381375204206,78.36112804927687,7.017108768482875,184.2272216515662,jute
68.68621333964259,59.60624416228226,43.41675209271489,25.367014653682084,73.30215225160028,6.803447479270848,156.85515940371644,jute
81.53903906650824,38.64723116208218,40.53037843989601,24.946165640464717,73.90195967249902,6.74781731749694,193.78266938372929,jute
64.34252578811237,54.79332232499132,36.70754550996197,23.110123948413886,71.85574602745048,7.147564784955735,170.256303666843,jute
94.90082067384728,48.117688529556645,35.22250351926331,25.15014082880578,71.10232908721233,7.184069450192887,158.405127490259,jute
73.81785543222054,54.03178574063401,44.542313574764215,24.114301851940198,78.29400220198936,6.286188398213758,190.35898851012456,jute
86.29976237025005,39.81858768030921,38.02503960351412,23.395312665791106,73.82967011064314,6.3054729616849166,182.19989768152368,jute
119.78020416882235,15.300229077106604,30.409198132872987,25.86833298774505,68.28417579361624,6.759008002150407,155.77760647336882,coffee
98.86611205313554,21.722607614037035,25.560291332489136,25.04328841104918,51.05182942481357,6.825738704198876,138.047023243172,coffee
101.34409606101711,18.357424109879666,34.3262996573936,27.472606217749675,53.79993018404569,6.515166424941015,161.01195788889848,coffee
83.82744829223626,23.86419552790377,27.51112286819006,27.577583643583484,67.0502127257841,6.869749111900296,154.02597526536806,coffee
117.22903178181588,38.31069457447038,34.69330125351661,23.62689442054094,53.2111562152634,7.01510504801983,155.60758574573836,coffee
80.73863619572944,16.549375899737985,33.88080382258805,27.344353977696933,57.1454184399209,7.3365759253958025,159.52563057984264,coffee
112.23622588075608,25.68577677900536,26.133983273449086,25.16863531323008,59.145995959937956,6.826416290760904,122.9187034678321,coffee
119.65607452198446,21.10342052017266,26.98552403537093,25.634014594279684,60.74416358789777,6.659731106749867,172.89191097439408,coffee
100.66617602914411,30.2423863786246,32.23746385407786,23.125125507819334,61.412883650900895,7.326291706842554,116.30415571940755,coffee
96.20728415203844,38.15568625514575,28.53154402282538,25.293644121001204,69.63082786088626,6.298985788425861,119.89413918437545,coffee
114.37690363445218,36.711633530309214,29.72077834680013,25.57103587238643,66.71612739235673,7.107839247173692,134.8861751662758,coffee
80.67573420286074,26.992504063338643,33.58912326095641,27.47917338345081,69.12452394152308,7.319344856419172,158.50326664735738,coffee
97.78422396944404,34.37124616335248,32.39821634365597,25.690717150407274,51.746547451169384,7.389122020180379,149.17019031262467,coffee
94.53335127665058,30.739184879219295,31.73837961166977,24.05343958515151,66.73877689619913,6.434905640493567,129.00129444357376,coffee
96.2559941141799,33.26400202243663,34.65458178439803,27.046406321857166,68.80696755340384,6.2109087061147905,120.33825991477576,coffee
102.30819047626684,22.257437076100857,33.28054972969273,26.35993935701163,69.41456327971589,6.382188533596956,151.43380857664243,coffee
100.04961909701413,20.979419871434406,30.900933994880077,25.2164299303962,58.93443111979747,6.544104971958726,116.26970143191512,coffee
100.88380947659155,23.38119589250828,25.013198689843296,24.53971853830966,55.572566661795136,6.590172229835454,124.88889922325477,coffee
100.30735298540338,32.31100881295325,31.301855690545725,27.018774737845952,59.040165759741626,6.7786375955095926,175.78014556442375,coffee
97.10804683276955,32.53998374748993,29.34602368717992,25.088680972557814,65.20411249058321,6.2622553731993165,140.39394789561803,coffee
88.96689106987607,23.977748574189928,27.30374822366024,25.897028155433272,65.9634160523569,7.179919591826852,142.33757234115944,coffee
119.55041623577047,29.84635911764502,28.994003017782948,27.17769639620713,64.59748025285282,7.123913005236156,129.71045123004038,coffee
98.73297229474221,36.545703270615064,30.040380076287573,26.41726371710525,61.75867466068529,7.2635351815775735,136.34206298212018,coffee
103.01901111545459,18.0808667002451,31.90210776699468,26.65983919176356,50.85674642377997,7.013686445441977,146.10176156243398,coffee
84.9638750443873,25.49768869246169,26.942329296955815,25.077797660616582,57.68678055917056,7.1075874554040865,173.0661668624769,coffee
104.28114617538186,15.56717105456119,34.31022279070994,26.43116640048224,50.683908998423775,7.228249348821176,130.0199616038497,coffee
103.16884758284428,26.66585924875468,29.198387823550767,27.44856860062199,58.747225831252294,6.113016176359726,185.99790454112144,coffee
116.8214092495851,32.11081723953997,29.67892528132025,23.464297364717606,65.81496237154953,6.113216871636044,120.14507386713592,coffee
101.49535369757473,19.003206004616004,25.07730267340349,25.115567154978933,52.74434463220132,6.240773122921037,120.76829790515009,coffee
88.2037501489444,32.88710449435973,33.08927307217792,25.2626682201465,60.131076317628356,6.048982551891304,120.19871960284877,coffee
90.30270902598068,28.597460517828686,32.39551148734993,26.025015306690165,57.842557099735764,6.177486109504708,173.5579926165392,coffee
94.55144206396228,33.40135036206974,30.129788419143416,26.693310267809125,68.14579122905144,7.381544274080703,155.13300850004526,coffee
100.46033459062555,21.64196163757093,34.35799831529292,25.289595835998103,52.55182478574754,6.649057371939825,124.5289937678503,coffee
100.10126737028301,29.031887871405303,28.377557614935853,23.358253071157424,68.87007071266478,7.1600296702251445,177.91608103788408,coffee
94.67473577144918,34.020775750486266,29.85372895169194,24.00541744203023,52.48846753814426,6.517576303983085,125.31640836063548,coffee
119.93075904816274,16.22972475580055,29.411435993690766,25.26046761195192,56.01263857163351,6.857027348560418,126.24827681136586,coffee
111.35649522348935,23.311192956190958,30.913425897986418,26.578196180334796,67.78084235380322,7.253681154678301,160.62317710776696,coffee
95.53572721535548,27.5801167518741,32.687347933788026,27.387727712797364,52.07563856353344,6.57728439373958,173.20874488101254,coffee
97.26607050375844,23.305694101657096,29.113226968232695,26.014223733931754,69.99610288267603,6.739488643656798,130.63708562156955,coffee
86.51386301116379,16.058743686910358,30.588172349183214,25.72286045744417,54.10467853560618,7.042994109678851,170.58302812222607,coffee
90.36392821528445,23.602494100743414,34.90471672347257,24.87132233925367,65.21603343512203,6.67908813994491,174.5008620895732,coffee
110.7609295513059,31.69390062996339,33.54778346295579,27.696092474388426,61.599666409041674,6.356203360834119,144.89717212330564,coffee
110.33222854053173,31.27208712809674,26.777983385652487,23.256197705732124,63.659231870841296,6.376618536044018,152.475268279679,coffee
109.86987090050377,29.06666951640833,25.833025831117965,23.927901183917776,54.38656368061838,6.386796380467267,157.40525439628783,coffee
100.15863119301574,20.079000959105223,25.67554843455687,23.85716102237359,69.68762625237207,6.702820424687208,180.05091285265843,coffee
113.95009866675373,27.787988936571843,32.06687708460544,23.963760052063563,63.76793409853816,6.408576868894935,177.4046572565613,coffee
83.3489653243564,34.32846682213194,25.999369065686196,27.405946184471546,56.084090362700074,6.981590047245862,151.56267089652098,coffee
94.65212581049356,31.136045829587413,34.47522980551238,23.20634873687311,68.37705711766209,6.913622482531521,175.54857255767894,coffee
95.3549981373711,26.796074370940342,33.68850751801164,25.074239849049114,60.6931913349817,6.0302923846265,126.89485043785317,coffee
105.667460318992,32.92442252659693,30.826009367844996,23.716550181378054,58.908108571556696,6.532642149544785,152.17460080263163,coffee
114.81316138216377,34.396535966466296,25.83989501389159,27.451545988872823,59.43534302299647,7.1157932173289975,125.50294234482641,coffee
106.82878102828192,20.908150440236447,29.383808971409316,23.084314350410523,53.03221275860952,6.13812073968543,132.98081297036939,coffee
84.00072360097289,32.29775066548905,25.290399022092195,26.08870250312499,52.81415661651148,7.417742185766845,184.98205548323907,coffee
89.0201241008385,30.360532455575736,25.280053194724584,27.65894271525587,60.4597461638342,6.0648347271266685,140.6874994756103,coffee
83.07397847444936,24.823610984333996,31.69926342161323,25.349449540207196,57.67444349438909,6.178735568310697,133.37042842702422,coffee
84.00573150953404,35.18746829141652,26.352398279847225,25.976866832744467,56.85480827177692,6.338967576982776,162.9601329619078,coffee
98.28009237507763,25.003636682113978,30.928520048922216,25.456338142450004,56.06968417103121,6.838591931647877,165.2123932413021,coffee
81.06772634347418,26.646793222691883,25.576832845835437,23.932027070340556,61.210174681559465,7.299283372898371,181.21042593913637,coffee
82.79776040554525,25.477627157167667,30.83006483004551,23.73534952275172,65.30864433489543,7.116352887655858,182.75057602800962,coffee
80.33944048333773,20.417106099725068,33.27186714245322,26.352900254134678,67.88779707396981,6.0857694817954,159.77229742873322,coffee
102.76186299574697,15.89186040901331,30.135220769124835,26.047601556549623,53.825863484042145,6.4099943746869945,163.02605097233027,coffee
98.73203790399833,36.450341439208174,28.423817660091885,24.333298291941006,69.69731880689686,7.366703655195125,117.1744558749235,coffee
110.82914461226264,17.758369345630072,25.27485194829371,24.368477579831744,55.386917581222086,7.228978143520447,168.30004344571265,coffee
119.26437709328057,32.78782250779546,29.182555532560478,26.494638304726084,69.98918134372803,7.065212823843792,172.12610169852388,coffee
117.53460060761037,17.841281532792085,32.047842934477266,27.254029789837244,69.08757200441786,6.316453934567549,152.79467557931832,coffee
107.22219390577928,21.186693237533436,31.00472863250274,24.28789391249,56.66914041063295,6.662278044766298,154.68925740599252,coffee
97.97463486500602,27.32988799469823,27.985887562882926,23.794825470113153,50.94699954653679,6.293968083737502,158.64577311293374,coffee
111.4446179121253,19.23118993607236,26.085553577726486,26.74645180274625,56.103166610745795,7.427249158841029,168.57384779577797,coffee
93.07024188972123,22.238568694842623,30.23698386271309,23.395723341391047,52.35353025290598,6.263786821974289,173.104269497842,coffee
100.5542943707649,15.264178069361073,31.73516527472109,25.118450893302487,60.21704729927596,6.321174365119403,156.38366712955778,coffee
119.16612959005954,16.836117275144037,27.839173996644305,24.21498796430415,54.97098621502359,6.568059536348066,176.35823385581256,coffee
116.5143475985755,20.05537718647433,30.42949937948113,26.1844948608274,60.4365494872769,6.6511145912953795,129.39816293944284,coffee
99.52877436796953,25.030370692783222,32.9556336250227,26.818021795814975,52.679973624113416,6.132778578844602,183.11154574206273,coffee
101.42033555857991,36.445023432064765,25.58151120566401,25.632578082608152,60.78853029152473,7.291053048813225,122.32074986722806,coffee
89.61782254703637,25.16345784717533,33.65841475419942,27.694416575352836,69.85449239187255,7.438790229687783,115.44563168832659,coffee
81.90833365815489,18.690170478939717,28.48862096770273,27.149590154934792,67.85312390670961,6.2802516094418745,161.47481137147815,coffee
116.69447940261107,26.59329339828302,26.03543571952784,25.289068250423124,57.51589804576115,6.86648699409901,147.89940133053278,coffee
80.69383707414872,39.84994333534178,30.43540237730571,25.368153777423046,69.09234743008108,6.233790551380616,129.19282019089363,coffee
112.32058996251135,21.52077700062522,32.99227106291527,24.35766741454251,50.66375260450003,6.775522085830074,129.7514825595146,coffee
110.31385171729885,31.029990830803705,34.23602667977918,26.91494178632868,53.61551909681454,7.200237354997195,163.13027836105175,coffee
106.758065670425,35.80657214925372,30.738240691889402,25.330017571765065,62.73282070717456,6.446936143437538,128.69478483153244,coffee
104.66351352284985,20.846209227136942,25.79915109346607,23.00277092292627,62.16638802800134,6.543223175220355,171.4233228005092,coffee
95.0070559325241,27.150086205955667,29.07084972815385,26.252873955546733,57.12278324029936,7.445651474913463,185.21102399488976,coffee
113.92111610629125,38.007506764318705,29.49139688459391,25.68215198394746,64.84185185116489,7.044218887407812,181.80089467041032,coffee
108.65324109026781,39.94711770571151,28.48505799831591,27.16498871119709,63.952696456653285,7.037079667822528,139.4376696133749,coffee
111.4240716969209,37.509400558689975,27.18548461520563,26.12748418558352,57.8426965820555,7.484322178942316,150.91246118737612,coffee
89.13280695187771,24.546440630545813,31.538383898166263,23.38044685674788,62.07203840442475,7.396837138768348,178.77720907433877,coffee
82.70694146631934,39.83474696847671,31.98726923703879,23.811404121570117,50.24832178338847,6.256923954438227,177.86319405143038,coffee
80.86557299780655,20.828682590452164,32.57305595334876,25.930552679490674,65.65471420720384,7.119225755740182,118.79510403413535,coffee
115.70045676376606,20.675795857056716,30.533924402297636,26.221440782638894,53.37256421770191,7.464346885051461,151.61169670654817,coffee
82.30570782389574,38.43155111944601,30.86267843193268,26.495965989906882,60.50351579868448,7.252106932165452,117.48500966449082,coffee
90.73513461108591,26.741208910067307,25.7660361631371,26.52953334663329,57.873268281112814,6.409001985402216,115.25341351063092,coffee
108.79321246999815,35.845232721821546,28.950405356814983,25.821089885166828,54.55373251859197,6.9332964694202,115.91030937364003,coffee
99.54575588395033,31.105137046017308,34.181917732297336,24.906679085611422,65.3038040596206,6.896530544915251,184.52590846938102,coffee
95.93510702637722,22.9773834968247,33.87141998694144,23.246222007041446,52.72770785867353,6.123606651876067,178.2332467432302,coffee
80.42429693481277,36.54142888742621,29.512677953712668,23.020126394269855,58.03290354424084,6.280201261567553,161.83003656041222,coffee
107.17435159686586,27.188189260124997,25.4051952543967,26.28064402183601,66.84077567211042,7.080486415989602,177.2468439216489,coffee
88.0203809420355,37.222198491412065,28.221934506479627,23.067024071259954,66.86783292658141,7.41273190344709,164.16686480630116,coffee
89.25746521853699,21.29361160706326,29.665928734356193,27.4891553980071,52.991953122951166,7.23896050437523,136.8477106528863,coffee
112.34344677716392,38.00677994003847,29.2749387199432,24.825253270527654,66.04442637942603,6.794224323569091,166.33367863473978,coffee
